Workbook

Sheet Summary (All 189)
A1: TC ID | B1: Rule ID | C1: Topic | D1: Priority | E1: Verdict | F1: Automated? | G1: Explanation | H1: Related Bug(s) (bug log v10)
A2: TC-BR-131 | B2: BR-131 | C2: Contradiction - Batch | D2: P1 - Critical | E2: PASS | F2: Yes | G2: [OK] run still reports COMPLETED despite the blocked master write (silent failure) | [OK] source-of-truth (pru_adb.contract) row WAS created - the failure is specific to the master-write step | [OK] adsi_master.contract_record has NO row for this subject - the blocked write never landed | [OK] master_control.last_updated_date did not advance past its pre-run value | [OK] an ERROR-level log line related to the failed sync was emitted
A3: TC-BR-304 | B3: BR-304 | C3: Validation - Appointment Consistency | D3: P1 - Critical | E3: PASS | F3: Yes | G3: [OK] the move to active writes RA00RA, and node_relationship confirms status 'A' | [OK] the move away from active writes TE00TE, and node_relationship confirms status 'T' | [OK] both transitions are also visible on the master side after HR2 runs: the activated producer's status_code is A and the terminated producer's is T
A4: TC-BR-391 | B4: BR-391 | C4: Validation - Comparison Fields | D4: P1 - Critical | E4: PASS | F4: Yes | G4: [OK] org_elimination_date on the newly built master record differs from the previously-stored value once a real termination date is fed
A5: TC-BR-412 | B5: BR-412 | C5: Validation - Comparison Fields | D5: P1 - Critical | E5: PASS | F5: Yes | G5: [OK] adsi_master.contract_record.final_date now equals the new relationship end date, differing from the pre-termination value
A6: TC-BR-447 | B6: BR-447 | C6: Validation - Table Integrity | D6: P1 - Critical | E6: PASS | F6: Yes | G6: [OK] adsi_master.organization_record.org_status = '9' (eliminated) after terminating the firm's profile | [OK] org_elimination_date is populated and differs from the pre-termination value
A7: TC-BR-464 | B7: BR-464 | C7: Validation - Entity Type Rules | D7: P1 - Critical | E7: PASS | F7: Yes | G7: [OK] terminated-with-date subject has both final_org_code and final_date populated | [OK] inactive-without-date subject (DB-seeded status=I, end date=NULL, then HR2-rebuilt) has final_org_code but NULL final_date | H7: DEF-RDMS-BRV4-005 - Not a defect; Closed - QA retest PASS
A8: TC-BR-476 | B8: BR-476 | C8: Validation - Master Action Routing | D8: P1 - Critical | E8: PASS | F8: Yes | G8: [OK] run with no activity still completes gracefully (not an error) | [OK] master_control.last_updated_date is unchanged or has advanced (never regressed/nulled) by a no-activity cycle
A9: TC-BR-482 | B9: BR-482 | C9: Validation - Master Action Routing | D9: P1 - Critical | E9: PASS | F9: Yes | G9: [OK] this firm's own organization_record/contract_record master rows exist at all in adsi_master (checked right after the first, real feed upload, before any DB-seeding) - previously found missing due to a since-fixed poison-row issue (DEF-RDMS-BRV4-013) | [OK] org entry landed in organization_record | [OK] contract entry landed in contract_record | H9: DEF-RDMS-BRV4-013 - Not a defect (test data); Closed - retracted by QA
A10: TC-BR-485 | B10: BR-485 | C10: Validation - Master File Status | D10: P1 - Critical | E10: PASS | F10: Yes | G10: [OK] both contracts sharing the TIN are present in the master
A11: TC-BR-486 | B11: BR-486 | C11: Validation - Master File Status | D11: P1 - Critical | E11: PASS | F11: Yes | G11: [OK] only firm A's own contract_record row changes - firm B's is untouched, proving the shared TIN never causes cross-contamination on an update
A12: TC-BR-125 | B12: BR-125 | C12: Transaction Integrity | D12: P1 - Critical | E12: PASS | F12: Yes | G12: [OK] the faulted bundle is rejected wholesale | [OK] the faulted bundle's BD identifier appears in LNAERROR | [OK] first producer of the failing bundle is set aside with reason 002, not independently rejected | [OK] second producer of the failing bundle is set aside with reason 002, not independently rejected | [OK] the control bundle's producer is committed, proving the failure did not spill over
A13: TC-BR-126 | B13: BR-126 | C13: Transaction Integrity | D13: P1 - Critical | E13: PASS | F13: Yes | G13: [OK] the GOOD standalone record (existing parent on file) is committed: contract row exists, personal field update applied | [OK] the BAD standalone record (parent never on file) leaves no rows at all - rejected on its own merits, independent of the good record | [OK] run log shows all 4 standalone records processed (no whole-file no-op); no INFO-level log line calls out the rejection specifically, though the DB outcome above is correct
A14: TC-BR-128 | B14: BR-128 | C14: Outcome Classification | D14: P1 - Critical | E14: PASS | F14: Yes | G14: [OK] the own-merits-bad producer (D01, SSN 000000000) is refused and appears in LNAERROR | [OK] that producer's D02 is consequentially set aside with reason 002 (not its own fault), distinguishable from the D01's own-merits rejection | [OK] the separate BD (reserved TIN) is refused on its own merits and appears in LNAERROR | [OK] that BD's own-merits rejection is in LNAERROR only, never ADBSKIP - the three outcomes stay distinguishable
A15: TC-BR-134 | B15: BR-134 | C15: Appointment and Relationship | D15: P1 - Critical | E15: PASS | F15: Yes | G15: [OK] day1 (real appointment under firm X) committed | [OK] the real appointment under firm X exists (precondition) | [OK] BA decision pending (DEF-RDMS-BRV4-002): whether a type-H profile under firm Y creates its own live contract row for an already-appointed person - reported factually, not asserted right/wrong | H15: DEF-RDMS-BRV4-002 - Spec conflict; Blocked - BA decision
A16: TC-BR-142 | B16: BR-142 | C16: Identifier Generation | D16: P1 - Critical | E16: PASS | F16: Yes | G16: [OK] run completed despite the seeded collision (no retry loop hang/error)
A17: TC-BR-143 | B17: BR-143 | C17: Identifier Generation | D17: P1 - Critical | E17: PASS | F17: Yes | G17: [OK] pru_contract_number is 6 chars: fixed leading char + 5 from the no-vowel/no-zero alphabet
A18: TC-BR-273 | B18: BR-273 | C18: Validation - Called Service Outcome | D18: P1 - Critical | E18: PASS | F18: Yes | G18: [OK] successful creation is reported (organizations created counter moves) | [OK] the organisation's output fields are populated in the load output
A19: TC-BR-369 | B19: BR-369 | C19: Validation - Called Service Outcome | D19: P1 - Critical | E19: PASS | F19: Yes | G19: [OK] the appointment is created successfully | [OK] the enriched output record (with its resolved Allstate id) reaches the load output
A20: TC-BR-377 | B20: BR-377 | C20: Validation - Activity Extraction | D20: P1 - Critical | E20: PASS | F20: Yes | G20: [OK] day1 bundle committed: one person (shared SSN) holds two real contracts | [OK] contract B's master row exists and was marked before day2 | [OK] contract A's allstate_id still maps to exactly one contract (no duplicate appointment) | [OK] positive control: contract A's own master row picked up its day2 change (basic4 MISC residentState = CA) | [OK] contract B (no activity of its own) IS pulled in and rebuilt when the processed contract is INVESTMENT_PROFESSIONAL
A21: TC-BR-400 | B21: BR-400 | C21: Validation - Comparison Fields | D21: P1 - Critical | E21: PASS | F21: Yes | G21: [OK] org B's name changed in the master | [OK] orgs A and C (resubmitted with no difference) keep master rows identical to their day1 state
A22: TC-BR-450 | B22: BR-450 | C22: Validation - Table Integrity | D22: P1 - Critical | E22: PASS | F22: Yes | G22: [OK] the BD (a firm kind) carries firm-name detail on its master record | [OK] the individual producer carries a person name, not firm detail, in the same field
A23: TC-BR-451 | B23: BR-451 | C23: Validation - Table Integrity | D23: P1 - Critical | E23: BLOCKED | F23: No | G23: Re-investigated 2026-09-29: confirmed doubly gated - (1) pru_adb.contract.entity_type carries a live CHECK constraint restricting it to exactly BROKER_DEALER/LICENSED_LIFE_ENTITY/HOUSE_ACCOUNT/INVESTMENT_PROFESSIONAL, and (2) BR-064's own upstream HR1 validation independently refuses (C0716) any entity type outside that same set before a contract is ever created. An entity type outside the four recognised kinds can never reach the master-build routine via any feed input. Genuinely unreachable, confirmed via both the DB constraint and the upstream validation rule, not just untested.
A24: TC-BR-006 | B24: BR-006 | C24: Restart and Recovery | D24: P3 - Medium | E24: BLOCKED | F24: No | G24: Requires access to the application server's own filesystem, process control, alternate trigger mechanisms (folder drop, HTTP endpoint, rescan cron), or infrastructure configuration (backup/PITR) - none of which this browser-driven Playwright framework can reach. Verify manually with the dev/ops team. [Reviewed post-DB-cleanup, 2026-09-26: this blocker was never about DB content/state (it is a tooling, unit-test, filesystem, source-code-access, or artifact-capture limitation) - a clean DB does not change it. Not re-run live, since no DB-state change could affect this outcome.] [Re-checked 2026-09-29 against the BRD's own full rule text: still genuinely blocked - no new technique applies.]
A25: TC-BR-007 | B25: BR-007 | C25: Restart and Recovery | D25: P3 - Medium | E25: PASS | F25: Yes | G25: [OK] re-submitting the same file with restart checked does not silently resume from a no-longer-applicable position - the bundle is rolled back/skipped, not re-committed
A26: TC-BR-016 | B26: BR-016 | C26: Firm Entity Validation | D26: P3 - Medium | E26: PASS | F26: Yes | G26: [OK] a blank correspondence address on the first BD firm rejects the whole bundle: LNAERROR contains a B0608 line naming this BD | [OK] an out-of-set resident state value ('ZZ') rejects the whole bundle: LNAERROR contains a B0606 line naming this BD | [OK] a valid control bundle in the same file still commits normally: no error line in LNAERROR names it at all (the run itself isn't failing wholesale) | H26: DEF-RDMS-BRV4-001 - Not a defect; Closed - QA retest PASS (B0606) DEF-RDMS-BRV4-015 - Not a defect; Closed - confirmed via corrected TC
A27: TC-BR-019 | B27: BR-019 | C27: Organisation Creation | D27: P3 - Medium | E27: PASS | F27: Yes | G27: [OK] the valid bundle commits successfully | [OK] the invalid-first-firm bundle is rejected wholesale | [OK] the rejected bundle's BD identifier appears in LNAERROR (C0716, entity type invalid) | [OK] the producer beneath the failed firm is itself rejected (F0113, no functional manager found) - confirmed live: this app rejects such a producer directly in LNAERROR, not via ADBSKIP | [OK] the valid bundle's producer is committed to the load output
A28: TC-BR-020 | B28: BR-020 | C28: Organisation Creation | D28: P3 - Medium | E28: PASS | F28: Yes | G28: [OK] exactly one organization row for the BD org code | [OK] LLE linked to that org via BD_TO_LLE node_relationship
A29: TC-BR-022 | B29: BR-022 | C29: Activity Extraction | D29: P3 - Medium | E29: PASS | F29: Yes | G29: [OK] ALLSTATE-purpose activity reached the master (crd_number updated) | [OK] activity stamped with a non-ALLSTATE purpose_code ('OTHERPART') still reaches the master and updates crd_number - it is NOT filtered out the way this rule describes
A30: TC-BR-023 | B30: BR-023 | C30: Activity Extraction | D30: P3 - Medium | E30: PASS | F30: Yes | G30: [OK] activity posted interleaved by real timestamp (A, B, A, B) is nonetheless returned by the rule's own prescribed query (ordered by contract code, subject, activity_ts) with each contract's rows contiguous, never spread across the result
A31: TC-BR-024 | B31: BR-024 | C31: Activity Extraction | D31: P3 - Medium | E31: PASS | F31: Yes | G31: [OK] 5-char code routes to organization_record | [OK] 6-char code routes to contract_record
A32: TC-BR-026 | B32: BR-026 | C32: Old and New Comparison | D32: P3 - Medium | E32: PASS | F32: Yes | G32: [OK] Confirmed by extension: this is a general/meta rule whose own text names concrete examples (BR-389/ORG_STATUS, BR-404/NAME, BR-417/BIRTH_DATE) that are now live-automated and passing via the standalone-update technique (TC-BR-389, TC-BR-404, TC-BR-417). No separate automation surface exists beyond those concrete field-comparison cases.
A33: TC-BR-027 | B33: BR-027 | C33: Old and New Comparison | D33: P3 - Medium | E33: PASS | F33: Yes | G33: [OK] new contract_record row appears, fully populated (no prior comparison)
A34: TC-BR-028 | B34: BR-028 | C34: Old and New Comparison | D34: P3 - Medium | E34: PASS | F34: Yes | G34: [OK] Confirmed by extension: this is a general/meta rule whose own text names concrete examples (BR-389/ORG_STATUS, BR-404/NAME, BR-417/BIRTH_DATE) that are now live-automated and passing via the standalone-update technique (TC-BR-389, TC-BR-404, TC-BR-417). No separate automation surface exists beyond those concrete field-comparison cases.
A35: TC-BR-030 | B35: BR-030 | C35: Old and New Comparison | D35: P3 - Medium | E35: BLOCKED | F35: No | G35: Re-investigated 2026-09-29: the rule's own BRD text (prior key/subject id/RMO/region/org type/name carried on the activity record alongside the new values) implies these prior values ARE persisted somewhere observable - but a direct query of the live schema (information_schema.columns across every table in pru_adb and adsi_master) confirms there is NO prior_* column anywhere in this modernised app. The legacy activity record's prior-value fields have no counterpart in pru_adb.activity_log_entry (which carries only the new-side transaction_code/subject_id/timestamp, nothing framed as "prior"). Genuinely not observable - confirmed by direct schema inspection, not just inference from the rule text.
A36: TC-BR-031 | B36: BR-031 | C36: Old and New Comparison | D36: P3 - Medium | E36: PASS | F36: Yes | G36: [OK] day2 (feed date 2026-09-09) and day3 (feed date 2026-09-10) standalone rebuilds both complete (no B0700) | [OK] each cycle (day1 creation, day2 rebuild, day3 rebuild) writes its own activity_log_entry row stamped with THAT cycle's own processing date, not the other cycles' dates and not the real wall-clock date this test actually ran on
A37: TC-BR-034 | B37: BR-034 | C37: Contradiction - Batch | D37: P2 - High | E37: PASS | F37: Yes | G37: [OK] record A updated exactly once (its own new crd_number) | [OK] record B updated exactly once (its own new crd_number)
A38: TC-BR-041 | B38: BR-041 | C38: Appointment and Relationship | D38: P3 - Medium | E38: PASS | F38: Yes | G38: [OK] org-level activity recorded for the BD-presented firm
A39: TC-BR-043 | B39: BR-043 | C39: Shared Services | D39: P3 - Medium | E39: PASS | F39: Yes | G39: [OK] cycle with a calendar-impossible date-of-birth (20260231) completes without crashing the run | [OK] the impossible date is not silently stored as a valid date - either rejected (no person row / no birth_date) or caught and logged, never accepted as 2026-02-31 | [OK] a validation signal (error/reject/invalid) appears in the run log for this impossible date, confirming the shared validator catches it rather than a program silently parsing it on its own
A40: TC-BR-050 | B40: BR-050 | C40: History and Change Control | D40: P3 - Medium | E40: PASS | F40: Yes | G40: [OK] all 4 cycles completed | [OK] day1: a brand-new record with a blank home address gets NO HOME row (only the BUSINESS row from the D02 block) - confirmed correct by dev, not "inserted blank" | [OK] day2: a person-only field change (middle name) updates the person and writes NO contract_history/node_relationship_history row - these tables are each scoped to their own specific fields, never "written together" for an arbitrary change | [OK] day2 also inserts the previously-missing HOME row for the first time (the "BR-140 update path") even though its content is still blank | [OK] day3: a resident-state change (a field contract_history IS scoped to) writes a new contract_history row | [OK] day4: a relationship-status change (a field node_relationship_history IS scoped to) writes a new node_relationship_history row | H40: DEF-RDMS-BRV4-016 - Not a defect; Closed - confirmed via corrected TC
A41: TC-BR-051 | B41: BR-051 | C41: History and Change Control | D41: P3 - Medium | E41: PASS | F41: Yes | G41: [OK] pru_adb.contract.updt_ts stays unset and no new activity row is written for a byte-identical resubmission | H41: DEF-RDMS-BRV4-011 - Valid defect; Fixed - PASS for TC-BR-051/318; TC-BR-319 to re-target
A42: TC-BR-052 | B42: BR-052 | C42: History and Change Control | D42: P3 - Medium | E42: PASS | F42: Yes | G42: [OK] each party gets exactly one new contract_history snapshot for its own contract-level change | [OK] each snapshot carries its own contract's entity_type (firm BROKER_DEALER, producer INVESTMENT_PROFESSIONAL) | [OK] the firm snapshot records the firm's change (residentState -> NY) and the producer snapshot the producer's (residentState -> CA) - neither picks up the other's values
A43: TC-BR-053 | B43: BR-053 | C43: Address Maintenance | D43: P3 - Medium | E43: PASS | F43: Yes | G43: [OK] only the BUSINESS address row is stamped as changed - the MAILING row is untouched
A44: TC-BR-054 | B44: BR-054 | C44: Address Maintenance | D44: P3 - Medium | E44: PASS | F44: Yes | G44: [OK] the HOME address row's key (address.ssn_or_contract_number) follows the producer to the new SSN, rather than being orphaned under the old one
A45: TC-BR-055 | B45: BR-055 | C45: History and Change Control | D45: P3 - Medium | E45: PASS | F45: Yes | G45: [OK] firm: node_relationship_history gains one row holding the PREVIOUS status, and node_relationship then carries the new one | [OK] producer: node_relationship_history gains one row holding the PREVIOUS status (A), and node_relationship then carries T | [OK] secondary: both changes also reach the master in the same cycle - firm org_status (adsi_master.organization_record) moves and the producer's relationship is T - one entity's transition does not block the other's
A46: TC-BR-056 | B46: BR-056 | C46: Organisation Creation | D46: P3 - Medium | E46: PASS | F46: Yes | G46: [OK] exactly one organization row for this BD org code both before and after the name change - no duplicate row created
A47: TC-BR-068 | B47: BR-068 | C47: Old and New Comparison | D47: P3 - Medium | E47: BLOCKED | F47: No | G47: Requires access to the application server's own filesystem, process control, alternate trigger mechanisms (folder drop, HTTP endpoint, rescan cron), or infrastructure configuration (backup/PITR) - none of which this browser-driven Playwright framework can reach. Verify manually with the dev/ops team. [Reviewed post-DB-cleanup, 2026-09-26: this blocker was never about DB content/state (it is a tooling, unit-test, filesystem, source-code-access, or artifact-capture limitation) - a clean DB does not change it. Not re-run live, since no DB-state change could affect this outcome.] [Re-checked 2026-09-29 against the BRD's own full rule text: still genuinely blocked - no new technique applies.]
A48: TC-BR-069 | B48: BR-069 | C48: Appointment and Relationship | D48: P3 - Medium | E48: PASS | F48: Yes | G48: [OK] the producer's own record updates: pru_adb.person carries the new middle name and its updt_ts is stamped | [OK] the appointment is untouched: pru_adb.contract.updt_ts unchanged | [OK] the appointment is untouched: node_relationship updt_ts unchanged
A49: TC-BR-070 | B49: BR-070 | C49: Firm Entity Validation | D49: P3 - Medium | E49: PASS | F49: Yes | G49: [OK] the firm's own record updates: pru_adb.firm carries the new abbreviated name and its updt_ts is stamped | [OK] the appointment is untouched: pru_adb.contract.updt_ts unchanged | [OK] the appointment is untouched: node_relationship updt_ts unchanged
A50: TC-BR-072 | B50: BR-072 | C50: Master Record Service | D50: P3 - Medium | E50: PASS | F50: Yes | G50: [OK] exactly one ADSIMSTR extract file exists for the day - no partial or duplicate copy
A51: TC-BR-074 | B51: BR-074 | C51: Master Record Service | D51: P3 - Medium | E51: PASS | F51: Yes | G51: [OK] the second, brand-new record (built right after one with real designations) has no leftover designations from the previous subject
A52: TC-BR-076 | B52: BR-076 | C52: Contradiction - Batch | D52: P2 - High | E52: BLOCKED | F52: No | G52: Re-investigated 2026-09-29: confirmed via the BRD's own COBOL excerpt (2000-PROCESS-PARA) that PROCESS-ID is an internal parameter passed to the master-build service by its OWN CALLER (another internal batch step) - there is no feed field or externally reachable input that selects it. Every path this framework can drive (feed upload, standalone update) always supplies a valid organisation-or-contract marker. Genuinely unreachable via any external input, not just untested.
A53: TC-BR-078 | B53: BR-078 | C53: Master Record Service | D53: P3 - Medium | E53: PASS | F53: Yes | G53: [OK] organization_record exists with office_code and detach_office_code both populated as distinct slices of the key
A54: TC-BR-081 | B54: BR-081 | C54: Contradiction - Batch | D54: P2 - High | E54: PASS | F54: Yes | G54: [OK] this firm's organization_record row exists in adsi_master at all after day1's real upload (previously found missing due to the same since-fixed poison-row issue, DEF-RDMS-BRV4-013, that TC-BR-482 also hit) | [OK] the organisation record is still produced for an unrecognised relationship status - not rejected | [OK] the unrecognised status leaves org_status blank rather than defaulting to a guessed value | H54: DEF-RDMS-BRV4-013 - Not a defect (test data); Closed - retracted by QA
A55: TC-BR-082 | B55: BR-082 | C55: Master Record Service | D55: P3 - Medium | E55: PASS | F55: Yes | G55: [OK] organization_record.org_create_date equals the relationship start date
A56: TC-BR-083 | B56: BR-083 | C56: Master Record Service | D56: P3 - Medium | E56: PASS | F56: Yes | G56: [OK] the fed date of birth (1980-01-15) reaches the master through the fixed year/month/day packed-decimal conversion, decoding back to the same calendar date
A57: TC-BR-085 | B57: BR-085 | C57: Address Maintenance | D57: P3 - Medium | E57: BLOCKED | F57: No | G57: Re-investigated 2026-09-29: the rule describes a legacy cursor-fetches-first ambiguity when an organisation holds more than one raw address row of the same kind. Direct schema inspection confirms pru_adb.address has PRIMARY KEY (ssn_or_contract_number, address_type, purpose_code) - the modernised app cannot hold two rows of the same address kind for one contract; a second incoming address of the same kind always updates the existing row in place (confirmed live via TC-BR-088's passing unconditional-field-overwrite behaviour) rather than creating the ambiguous duplicate the rule is about. The scenario is structurally unconstructable in this schema, not just untested.
A58: TC-BR-086 | B58: BR-086 | C58: Master Record Service | D58: P3 - Medium | E58: PASS | F58: Yes | G58: [OK] two very different organisations carry identical fixed identity codes (buf_code, org_business_unit_code, aos_rmo, aos_region)
A59: TC-BR-087 | B59: BR-087 | C59: Contradiction - Batch | D59: P2 - High | E59: PASS | F59: Yes | G59: [OK] alternate_key_ssn_or_tin and alternate_key_last_name carry the same characters (legacy dual-use quirk, confirmed intentional per the source workbook)
A60: TC-BR-088 | B60: BR-088 | C60: Address Maintenance | D60: P3 - Medium | E60: PASS | F60: Yes | G60: [OK] unconditional fields (line1/city/state/zip) are carried whatever they contain - all four now show day2's new values | [OK] conditional fields (line2/phone/fax) are cleared to blank on a resend that sends them blank - confirmed by dev (via the actual COBOL source) to be legacy HR1 parity, not a defect; BR-088's wording is being reworded by the BA to match | H60: DEF-RDMS-BRV4-014 - Not a defect; Closed - QA retest PASS
A61: TC-BR-089 | B61: BR-089 | C61: Address Maintenance | D61: P3 - Medium | E61: PASS | F61: Yes | G61: [OK] the fax number was split into a separate dialling code and number, matching the submitted "5551234567" - never one joined string
A62: TC-BR-094 | B62: BR-094 | C62: Master Record Service | D62: P3 - Medium | E62: PASS | F62: Yes | G62: [OK] the firm contract record carries the firm tax id in the alternate key field | [OK] the person contract record carries the person SSN in the SAME field, one field with two meanings
A63: TC-BR-095 | B63: BR-095 | C63: Master Record Service | D63: P3 - Medium | E63: PASS | F63: Yes | G63: [OK] two independently-built contract numbers share the identical first character (a fixed marker, not derived from source data)
A64: TC-BR-096 | B64: BR-096 | C64: Master Record Service | D64: P3 - Medium | E64: PASS | F64: Yes | G64: [OK] the alternate key is assembled from distinct office/detach-office/RMO/region slices, each populated separately
A65: TC-BR-097 | B65: BR-097 | C65: Appointment and Relationship | D65: P3 - Medium | E65: PASS | F65: Yes | G65: [OK] the BD is linked to its organisation through ORG_TO_BD | [OK] the producer is linked to its BD through BD_LLE_TO_IP - a different, party-kind-specific relationship type
A66: TC-BR-098 | B66: BR-098 | C66: Appointment and Relationship | D66: P3 - Medium | E66: PASS | F66: Yes | G66: [OK] a producer whose immediate parent is an LLE resolves to the SAME top organisation as one directly under the BD (climbs past the LLE)
A67: TC-BR-104 | B67: BR-104 | C67: Address Maintenance | D67: P3 - Medium | E67: PASS | F67: Yes | G67: [OK] BD (entity kind B) - business address reaches the master (business_address_line1 = fed value) | [OK] IP (entity kind B) - business address reaches the master (business_address_line1 = fed value) | [OK] LLE (entity kind C, a legal entity) - looked up under a different address kind than BD/IP, so the same BUSINESS-tagged field does NOT reach business_address_line1 the same way
A68: TC-BR-106 | B68: BR-106 | C68: Address Maintenance | D68: P3 - Medium | E68: PASS | F68: Yes | G68: [OK] the master record's business_telephone_number matches the first (business) address phone
A69: TC-BR-107 | B69: BR-107 | C69: Master Record Service | D69: P3 - Medium | E69: PASS | F69: Yes | G69: [OK] for every BASICn kind, its own MASTER count agrees with its own OCCUR count | [OK] the sum of every kind's OCCUR count agrees with the record's overall ALL-TOT-NUM-OF-SECTIONS
A70: TC-BR-109 | B70: BR-109 | C70: Contradiction - Batch | D70: P2 - High | E70: PASS | F70: Yes | G70: [OK] the always-present, no-data BASIC2 section is counted exactly once, even though it carries no visible content | [OK] the overall section total includes that always-present section (not just the ones with visible data)
A71: TC-BR-110 | B71: BR-110 | C71: Master Record Service | D71: P3 - Medium | E71: PASS | F71: Yes | G71: [OK] the appointment record carries a classification section with agent type and resident state
A72: TC-BR-111 | B72: BR-111 | C72: Address Maintenance | D72: P3 - Medium | E72: PASS | F72: Yes | G72: [OK] the broker dealer carries at least one extra BASIC4 section compared to the individual producer, with no other input differing
... A87: TC-BR-139 | B87: BR-139 | C87: Address Maintenance | D87: P3 - Medium | E87: PASS | F87: Yes | G87: [OK] BD has a MAILING address row | [OK] IP has a BUSINESS address row | [OK] LLE has no second (MAILING/BUSINESS) address row
A88: TC-BR-140 | B88: BR-140 | C88: Address Maintenance | D88: P3 - Medium | E88: PASS | F88: Yes | G88: [OK] day2 (unrelated field change, blank HOME address unchanged) and day3 (another unchanged resend) both complete | [OK] day1: a brand-new record with a blank home address gets NO HOME row at all (only the BUSINESS row from D02) - confirmed correct by dev, not "inserted blank" | [OK] day2 inserts the previously-missing HOME row for the first time (the "BR-140 update path") even though its content is still blank, and it is NOT deleted despite the unrelated field change - per DEF-RDMS-BRV4-009's fix | [OK] the blank HOME row survives day3's resend too (still unchanged, still not deleted) | H88: DEF-RDMS-BRV4-003 - Not a defect; Closed - behaviour confirmed (dev repro) DEF-RDMS-BRV4-009 - Valid defect; Fixed - awaiting QA 3-day TC-BR-140 retest DEF-RDMS-BRV4-016 - Not a defect; Closed - confirmed via corrected TC
A89: TC-BR-144 | B89: BR-144 | C89: History and Change Control | D89: P3 - Medium | E89: PASS | F89: Yes | G89: [OK] contract A now resolves to the SAME person/subject_id as contract B - it merged onto B's existing person row rather than creating a new one | [OK] A's old person row is documented as either orphaned (still present, now unreferenced) or removed - not silently duplicated
A90: TC-BR-147 | B90: BR-147 | C90: Old and New Comparison | D90: P3 - Medium | E90: PASS | F90: Yes | G90: [OK] adsi_master.contract_record name columns for this node reflect the new middle name, leaving first/last unchanged
A91: TC-BR-148 | B91: BR-148 | C91: Master Update | D91: P3 - Medium | E91: PASS | F91: Yes | G91: [OK] after the run, adsi_master.contract_record is found under the NEW key and no longer under the old one - the SAME contract_number (primary key) is retained across the alternate-key change, not duplicated
A92: TC-BR-149 | B92: BR-149 | C92: Old and New Comparison | D92: P3 - Medium | E92: PASS | F92: Yes | G92: [OK] the brand-new contract (processed after one with designations) has an EMPTY designations array, not the previous item's data
A93: TC-BR-150 | B93: BR-150 | C93: Configuration and Retention | D93: P3 - Medium | E93: BLOCKED | F93: No | G93: Requires access to the application server's own filesystem, process control, alternate trigger mechanisms (folder drop, HTTP endpoint, rescan cron), or infrastructure configuration (backup/PITR) - none of which this browser-driven Playwright framework can reach. Verify manually with the dev/ops team. [Reviewed post-DB-cleanup, 2026-09-26: this blocker was never about DB content/state (it is a tooling, unit-test, filesystem, source-code-access, or artifact-capture limitation) - a clean DB does not change it. Not re-run live, since no DB-state change could affect this outcome.] [Re-checked 2026-09-29 against the BRD's own full rule text: still genuinely blocked - no new technique applies.]
A94: TC-BR-151 | B94: BR-151 | C94: Configuration and Retention | D94: P3 - Medium | E94: BLOCKED | F94: No | G94: Requires access to the application server's own filesystem, process control, alternate trigger mechanisms (folder drop, HTTP endpoint, rescan cron), or infrastructure configuration (backup/PITR) - none of which this browser-driven Playwright framework can reach. Verify manually with the dev/ops team. [Reviewed post-DB-cleanup, 2026-09-26: this blocker was never about DB content/state (it is a tooling, unit-test, filesystem, source-code-access, or artifact-capture limitation) - a clean DB does not change it. Not re-run live, since no DB-state change could affect this outcome.] [Re-checked 2026-09-29 against the BRD's own full rule text: still genuinely blocked - no new technique applies.]
A95: TC-BR-152 | B95: BR-152 | C95: Configuration and Retention | D95: P3 - Medium | E95: BLOCKED | F95: No | G95: Requires inspecting the application's own configuration file, source code, or running its developer unit-test suite (mvn test) directly - not observable through the application UI or its database. Verify manually with the development team. [Reviewed post-DB-cleanup, 2026-09-26: this blocker was never about DB content/state (it is a tooling, unit-test, filesystem, source-code-access, or artifact-capture limitation) - a clean DB does not change it. Not re-run live, since no DB-state change could affect this outcome.] [Re-checked 2026-09-29 against the BRD's own full rule text: still genuinely blocked - no new technique applies.]
A96: TC-BR-153 | B96: BR-153 | C96: Data Platform and Interfaces | D96: P3 - Medium | E96: BLOCKED | F96: No | G96: Requires inspecting the application's own configuration file, source code, or running its developer unit-test suite (mvn test) directly - not observable through the application UI or its database. Verify manually with the development team. [Reviewed post-DB-cleanup, 2026-09-26: this blocker was never about DB content/state (it is a tooling, unit-test, filesystem, source-code-access, or artifact-capture limitation) - a clean DB does not change it. Not re-run live, since no DB-state change could affect this outcome.] [Re-checked 2026-09-29 against the BRD's own full rule text: still genuinely blocked - no new technique applies.]
A97: TC-BR-154 | B97: BR-154 | C97: Data Platform and Interfaces | D97: P3 - Medium | E97: PASS | F97: Yes | G97: [OK] adsi_master.contract_record is an ordinary table keyed on contract_number (not a separate/special store) | [OK] adsi_master.organization_record is an ordinary table keyed on contract_number (not a separate/special store) | [OK] the alternate key (alternate_key_ssn_or_tin) is a plain, non-unique index - a second means of access into the SAME table, not a separate store
A98: TC-BR-155 | B98: BR-155 | C98: Data Platform and Interfaces | D98: P3 - Medium | E98: BLOCKED | F98: No | G98: Requires access to the application server's own filesystem, process control, alternate trigger mechanisms (folder drop, HTTP endpoint, rescan cron), or infrastructure configuration (backup/PITR) - none of which this browser-driven Playwright framework can reach. Verify manually with the dev/ops team. [Reviewed post-DB-cleanup, 2026-09-26: this blocker was never about DB content/state (it is a tooling, unit-test, filesystem, source-code-access, or artifact-capture limitation) - a clean DB does not change it. Not re-run live, since no DB-state change could affect this outcome.] [Re-checked 2026-09-29 against the BRD's own full rule text: still genuinely blocked - no new technique applies.]
A99: TC-BR-156 | B99: BR-156 | C99: Data Platform and Interfaces | D99: P3 - Medium | E99: BLOCKED | F99: No | G99: Trigger condition requires confirming the artifact layout and COBOL copybooks on the application server's own output-directory filesystem, which this browser-driven Playwright framework has no access to (only the packaged "download all artifacts" ZIP is reachable, not the server's native directory layout). [Reviewed post-DB-cleanup, 2026-09-26: this blocker was never about DB content/state (it is a tooling, unit-test, filesystem, source-code-access, or artifact-capture limitation) - a clean DB does not change it. Not re-run live, since no DB-state change could affect this outcome.] [Re-checked 2026-09-29 against the BRD's own full rule text: still genuinely blocked - no new technique applies.]
A100: TC-BR-157 | B100: BR-157 | C100: Verification and Acceptance | D100: P3 - Medium | E100: BLOCKED | F100: No | G100: Requires inspecting the application's own configuration file, source code, or running its developer unit-test suite (mvn test) directly - not observable through the application UI or its database. Verify manually with the development team. [Reviewed post-DB-cleanup, 2026-09-26: this blocker was never about DB content/state (it is a tooling, unit-test, filesystem, source-code-access, or artifact-capture limitation) - a clean DB does not change it. Not re-run live, since no DB-state change could affect this outcome.] [Re-checked 2026-09-29 against the BRD's own full rule text: still genuinely blocked - no new technique applies.]
... A118: TC-BR-317 | B118: BR-317 | C118: Validation - Profile Change Detection | D118: P3 - Medium | E118: PASS | F118: Yes | G118: [OK] pru_adb.organization.org_name reflects the new firm name | [OK] a new activity_log_entry row is written for the org code once its name genuinely changes
A119: TC-BR-318 | B119: BR-318 | C119: Validation - Profile Change Detection | D119: P3 - Medium | E119: PASS | F119: Yes | G119: [OK] day1 baseline bundle committed | [OK] day2 byte-identical standalone resubmission completes without error, and - per DEF-RDMS-BRV4-011's fix - is now a true no-op: firm.updt_ts stays unstamped | [OK] day3 standalone update with one field genuinely changed completes and stamps firm.updt_ts | H119: DEF-RDMS-BRV4-011 - Valid defect; Fixed - PASS for TC-BR-051/318; TC-BR-319 to re-target
A120: TC-BR-319 | B120: BR-319 | C120: Validation - Profile Change Detection | D120: P3 - Medium | E120: PASS | F120: Yes | G120: [OK] contract_history gains a new row for the real change (day2), and DEF-RDMS-BRV4-011's fix means the byte-identical day3 resubmission is now a true no-op (no further row) | H120: DEF-RDMS-BRV4-011 - Valid defect; Fixed - PASS for TC-BR-051/318; TC-BR-319 to re-target DEF-RDMS-BRV4-016 - Not a defect; Closed - confirmed via corrected TC
A121: TC-BR-320 | B121: BR-320 | C121: Validation - Profile Change Detection | D121: P3 - Medium | E121: PASS | F121: Yes | G121: [OK] pru_adb.person.updt_ts is stamped once the personal field genuinely changes
A122: TC-BR-321 | B122: BR-321 | C122: Validation - Profile Change Detection | D122: P3 - Medium | E122: PASS | F122: Yes | G122: [OK] person.birth_date is populated with the 0001-01-01 placeholder (per DEF-RDMS-BRV4-004's fix), not left null/empty, for a new record with blank DOB | H122: DEF-RDMS-BRV4-004 - Valid defect; Fixed - QA retest PASS (deployed)
A123: TC-BR-322 | B123: BR-322 | C123: Validation - Profile Change Detection | D123: P3 - Medium | E123: PASS | F123: Yes | G123: [OK] blanking the date of birth on an EXISTING producer via a standalone update stores the 0001-01-01 placeholder (per DEF-RDMS-BRV4-012's fix), rather than clearing it to NULL or leaving the prior real date in place | H123: DEF-RDMS-BRV4-012 - Valid defect (duplicate); Fixed - QA retest PASS (deployed)
A124: TC-BR-324 | B124: BR-324 | C124: Validation - Address Maintenance | D124: P3 - Medium | E124: PASS | F124: Yes | G124: [OK] pru_adb.address.updt_ts (HOME row) is stamped once the address genuinely changes
A125: TC-BR-325 | B125: BR-325 | C125: Validation - Address Maintenance | D125: P3 - Medium | E125: PASS | F125: Yes | G125: [OK] pru_adb.address.updt_ts (BUSINESS row) is stamped once the address genuinely changes
A126: TC-BR-327 | B126: BR-327 | C126: Validation - Address Maintenance | D126: P3 - Medium | E126: PASS | F126: Yes | G126: [OK] email-only changes are excluded from org-level activity, while a genuine street-address change is included
A127: TC-BR-328 | B127: BR-328 | C127: Validation - Activity Recording | D127: P3 - Medium | E127: PASS | F127: Yes | G127: [OK] no new org-level activity row for the email-only resubmission, exactly one new row for the subsequent genuine address-field change
A128: TC-BR-329 | B128: BR-329 | C128: Validation - Activity Recording | D128: P3 - Medium | E128: PASS | F128: Yes | G128: [OK] each genuine change (relationship-only, then address+relationship together) writes at least one new org-level activity row
A129: TC-BR-372 | B129: BR-372 | C129: Validation - Activity Extraction | D129: P3 - Medium | E129: PASS | F129: Yes | G129: [OK] final master value reflects the update exactly once (not corrupted by 3 activity rows)
A130: TC-BR-373 | B130: BR-373 | C130: Validation - Activity Extraction | D130: P3 - Medium | E130: PASS | F130: Yes | G130: [OK] org-code activity updated organization_record | [OK] contract-code activity updated contract_record
A131: TC-BR-376 | B131: BR-376 | C131: Validation - Activity Extraction | D131: P3 - Medium | E131: PASS | F131: Yes | G131: [OK] day1 bundle committed: one person (shared SSN) holds two real contracts | [OK] contract B's master row exists and was marked before day2 | [OK] day2 trigger cycle (activity posted for contract A only) completes, and its HR2 finished | [OK] contract A's allstate_id still maps to exactly one contract (no duplicate appointment) | [OK] positive control: HR2 processed contract A's posted activity row (processed_ts stamped) | [OK] contract B (no activity of its own) is NOT pulled in and rebuilt when the processed contract is BROKER_DEALER
...

Sheet Blocked Triage
A1: Suggested Status | B1: Count | C1: What it means
A2: Stays blocked - environment / manual | B2: 12 | C2: Real environment dependency; needs a one-off manual check by dev/ops.
A3: Dev-verified - unit test / code review | B3: 9 | C3: Code-level rule; close with a dev-supplied unit test reference.
A4: Unblock - retest via standalone update feed | B4: 1 | C4: B0700 is correct. Updates go through standalone C / D01+D02 records outside a bundle, not a re-sent bundle.
A5: (resolved this session - moved to PASS/FAIL) | B5: 106 | C5: See final-verdict-report-brv4.xlsx for the full PASS/FAIL breakdown. TC-BR-480 remains blocked after 4 investigated constructions (see its own Claude Notes) - not counted as resolved.
A7: Dev re-check 2026-10-01 (21 still blocked as of 2026-10-02) | B7: Count | C7: TCs
A8: Close - verified by dev test/code | B8: =COUNTIF(BLOCKED!$M:$M,A8) -> 10 | C8: 451, 006, 030, 076, 119, 132, 155, 158, 480
A9: Close - not applicable (no observable behaviour) | B9: =COUNTIF(BLOCKED!$M:$M,A9) -> 10 | C9: 068, 085, 118, 120, 151, 152, 153, 156, 157, 160
A10: Unblock - QA can test via DB seed | B10: =COUNTIF(BLOCKED!$M:$M,A10) -> 1 | C10: 150
A11: Stays blocked - ops/manual check | B11: =COUNTIF(BLOCKED!$M:$M,A11) -> 1 | C11: 159
A12: Total | B12: =SUM(B8:B11) -> 22
A13: Note | B13: All cited tests were in the 2026-09-28/30 full run: 958/958 unit + 206/206 integration green. Only TC-BR-159 still needs a one-off check (mainframe reference corpus). TC-BR-150 was proven on PostgreSQL: 30 seeded rows -> 25 codes.
A15: Testability of the 21 (updated 2026-10-02) | B15: Count | C15: TCs | D15: Proposed Verdict
A16: QA - can test now | B16: =COUNTIF(BLOCKED!$O:$O,A16) -> 1 | C16: 150 | D16: To be tested by QA
A17: QA - needs one extra artifact | B17: =COUNTIF(BLOCKED!$O:$O,A17) -> 1 | C17: - (TC-BR-117 unblocked 2026-10-02: Export/errfile-detectchanges is in the ZIP since dev commit 080c502; automated, now PASS) | D17: -
A18: Dev - unit/integration test | B18: =COUNTIF(BLOCKED!$O:$O,A18) -> 8 | C18: 006, 030, 076, 119, 132, 158, 451, 480 | D18: Verified by dev test
A19: Ops - one-off manual check | B19: =COUNTIF(BLOCKED!$O:$O,A19) -> 3 | C19: 159, 155, 156 | D19: Needs one-off manual check
A20: Nothing to test | B20: =COUNTIF(BLOCKED!$O:$O,A20) -> 9 | C20: 068, 085, 118, 120, 151, 152, 153, 157, 160 | D20: Not Applicable
A21: Total | B21: =SUM(B16:B20) -> 22
A22: Summary | B22: Latest report (2026-10-02): 167 PASS / 1 FAIL / 21 BLOCKED. The only FAIL is TC-BR-436 (DEF-RDMS-BRV4-017, awaiting dev triage). Of the 21 blocked, 9 are Not Applicable, 8 are verified by dev tests, 3 need a one-off ops/owner check, and TC-BR-150 is waiting on dev (INFO log line or close as dev-verified). See the QA Testability 2026-10-02 sheet.

Sheet PASS
A1: TC ID | B1: Rule ID | C1: Topic | D1: Priority | E1: Verdict | F1: Automated? | G1: Explanation | H1: Related Bug(s) (bug log v10)
A2: TC-BR-131 | B2: BR-131 | C2: Contradiction - Batch | D2: P1 - Critical | E2: PASS | F2: Yes | G2: [OK] run still reports COMPLETED despite the blocked master write (silent failure) | [OK] source-of-truth (pru_adb.contract) row WAS created - the failure is specific to the master-write step | [OK] adsi_master.contract_record has NO row for this subject - the blocked write never landed | [OK] master_control.last_updated_date did not advance past its pre-run value | [OK] an ERROR-level log line related to the failed sync was emitted
A3: TC-BR-304 | B3: BR-304 | C3: Validation - Appointment Consistency | D3: P1 - Critical | E3: PASS | F3: Yes | G3: [OK] the move to active writes RA00RA, and node_relationship confirms status 'A' | [OK] the move away from active writes TE00TE, and node_relationship confirms status 'T' | [OK] both transitions are also visible on the master side after HR2 runs: the activated producer's status_code is A and the terminated producer's is T
A4: TC-BR-391 | B4: BR-391 | C4: Validation - Comparison Fields | D4: P1 - Critical | E4: PASS | F4: Yes | G4: [OK] org_elimination_date on the newly built master record differs from the previously-stored value once a real termination date is fed
A5: TC-BR-412 | B5: BR-412 | C5: Validation - Comparison Fields | D5: P1 - Critical | E5: PASS | F5: Yes | G5: [OK] adsi_master.contract_record.final_date now equals the new relationship end date, differing from the pre-termination value
A6: TC-BR-447 | B6: BR-447 | C6: Validation - Table Integrity | D6: P1 - Critical | E6: PASS | F6: Yes | G6: [OK] adsi_master.organization_record.org_status = '9' (eliminated) after terminating the firm's profile | [OK] org_elimination_date is populated and differs from the pre-termination value
A7: TC-BR-464 | B7: BR-464 | C7: Validation - Entity Type Rules | D7: P1 - Critical | E7: PASS | F7: Yes | G7: [OK] terminated-with-date subject has both final_org_code and final_date populated | [OK] inactive-without-date subject (DB-seeded status=I, end date=NULL, then HR2-rebuilt) has final_org_code but NULL final_date | H7: DEF-RDMS-BRV4-005 - Not a defect; Closed - QA retest PASS
A8: TC-BR-476 | B8: BR-476 | C8: Validation - Master Action Routing | D8: P1 - Critical | E8: PASS | F8: Yes | G8: [OK] run with no activity still completes gracefully (not an error) | [OK] master_control.last_updated_date is unchanged or has advanced (never regressed/nulled) by a no-activity cycle
A9: TC-BR-482 | B9: BR-482 | C9: Validation - Master Action Routing | D9: P1 - Critical | E9: PASS | F9: Yes | G9: [OK] this firm's own organization_record/contract_record master rows exist at all in adsi_master (checked right after the first, real feed upload, before any DB-seeding) - previously found missing due to a since-fixed poison-row issue (DEF-RDMS-BRV4-013) | [OK] org entry landed in organization_record | [OK] contract entry landed in contract_record | H9: DEF-RDMS-BRV4-013 - Not a defect (test data); Closed - retracted by QA
A10: TC-BR-485 | B10: BR-485 | C10: Validation - Master File Status | D10: P1 - Critical | E10: PASS | F10: Yes | G10: [OK] both contracts sharing the TIN are present in the master
A11: TC-BR-486 | B11: BR-486 | C11: Validation - Master File Status | D11: P1 - Critical | E11: PASS | F11: Yes | G11: [OK] only firm A's own contract_record row changes - firm B's is untouched, proving the shared TIN never causes cross-contamination on an update
A12: TC-BR-125 | B12: BR-125 | C12: Transaction Integrity | D12: P1 - Critical | E12: PASS | F12: Yes | G12: [OK] the faulted bundle is rejected wholesale | [OK] the faulted bundle's BD identifier appears in LNAERROR | [OK] first producer of the failing bundle is set aside with reason 002, not independently rejected | [OK] second producer of the failing bundle is set aside with reason 002, not independently rejected | [OK] the control bundle's producer is committed, proving the failure did not spill over
A13: TC-BR-126 | B13: BR-126 | C13: Transaction Integrity | D13: P1 - Critical | E13: PASS | F13: Yes | G13: [OK] the GOOD standalone record (existing parent on file) is committed: contract row exists, personal field update applied | [OK] the BAD standalone record (parent never on file) leaves no rows at all - rejected on its own merits, independent of the good record | [OK] run log shows all 4 standalone records processed (no whole-file no-op); no INFO-level log line calls out the rejection specifically, though the DB outcome above is correct
A14: TC-BR-128 | B14: BR-128 | C14: Outcome Classification | D14: P1 - Critical | E14: PASS | F14: Yes | G14: [OK] the own-merits-bad producer (D01, SSN 000000000) is refused and appears in LNAERROR | [OK] that producer's D02 is consequentially set aside with reason 002 (not its own fault), distinguishable from the D01's own-merits rejection | [OK] the separate BD (reserved TIN) is refused on its own merits and appears in LNAERROR | [OK] that BD's own-merits rejection is in LNAERROR only, never ADBSKIP - the three outcomes stay distinguishable
A15: TC-BR-134 | B15: BR-134 | C15: Appointment and Relationship | D15: P1 - Critical | E15: PASS | F15: Yes | G15: [OK] day1 (real appointment under firm X) committed | [OK] the real appointment under firm X exists (precondition) | [OK] BA decision pending (DEF-RDMS-BRV4-002): whether a type-H profile under firm Y creates its own live contract row for an already-appointed person - reported factually, not asserted right/wrong | H15: DEF-RDMS-BRV4-002 - Spec conflict; Blocked - BA decision
A16: TC-BR-142 | B16: BR-142 | C16: Identifier Generation | D16: P1 - Critical | E16: PASS | F16: Yes | G16: [OK] run completed despite the seeded collision (no retry loop hang/error)
A17: TC-BR-143 | B17: BR-143 | C17: Identifier Generation | D17: P1 - Critical | E17: PASS | F17: Yes | G17: [OK] pru_contract_number is 6 chars: fixed leading char + 5 from the no-vowel/no-zero alphabet
A18: TC-BR-273 | B18: BR-273 | C18: Validation - Called Service Outcome | D18: P1 - Critical | E18: PASS | F18: Yes | G18: [OK] successful creation is reported (organizations created counter moves) | [OK] the organisation's output fields are populated in the load output
A19: TC-BR-369 | B19: BR-369 | C19: Validation - Called Service Outcome | D19: P1 - Critical | E19: PASS | F19: Yes | G19: [OK] the appointment is created successfully | [OK] the enriched output record (with its resolved Allstate id) reaches the load output
A20: TC-BR-377 | B20: BR-377 | C20: Validation - Activity Extraction | D20: P1 - Critical | E20: PASS | F20: Yes | G20: [OK] day1 bundle committed: one person (shared SSN) holds two real contracts | [OK] contract B's master row exists and was marked before day2 | [OK] contract A's allstate_id still maps to exactly one contract (no duplicate appointment) | [OK] positive control: contract A's own master row picked up its day2 change (basic4 MISC residentState = CA) | [OK] contract B (no activity of its own) IS pulled in and rebuilt when the processed contract is INVESTMENT_PROFESSIONAL
A21: TC-BR-400 | B21: BR-400 | C21: Validation - Comparison Fields | D21: P1 - Critical | E21: PASS | F21: Yes | G21: [OK] org B's name changed in the master | [OK] orgs A and C (resubmitted with no difference) keep master rows identical to their day1 state
A22: TC-BR-450 | B22: BR-450 | C22: Validation - Table Integrity | D22: P1 - Critical | E22: PASS | F22: Yes | G22: [OK] the BD (a firm kind) carries firm-name detail on its master record | [OK] the individual producer carries a person name, not firm detail, in the same field
A23: TC-BR-007 | B23: BR-007 | C23: Restart and Recovery | D23: P3 - Medium | E23: PASS | F23: Yes | G23: [OK] re-submitting the same file with restart checked does not silently resume from a no-longer-applicable position - the bundle is rolled back/skipped, not re-committed
A24: TC-BR-016 | B24: BR-016 | C24: Firm Entity Validation | D24: P3 - Medium | E24: PASS | F24: Yes | G24: [OK] a blank correspondence address on the first BD firm rejects the whole bundle: LNAERROR contains a B0608 line naming this BD | [OK] an out-of-set resident state value ('ZZ') rejects the whole bundle: LNAERROR contains a B0606 line naming this BD | [OK] a valid control bundle in the same file still commits normally: no error line in LNAERROR names it at all (the run itself isn't failing wholesale) | H24: DEF-RDMS-BRV4-001 - Not a defect; Closed - QA retest PASS (B0606) DEF-RDMS-BRV4-015 - Not a defect; Closed - confirmed via corrected TC
A25: TC-BR-019 | B25: BR-019 | C25: Organisation Creation | D25: P3 - Medium | E25: PASS | F25: Yes | G25: [OK] the valid bundle commits successfully | [OK] the invalid-first-firm bundle is rejected wholesale | [OK] the rejected bundle's BD identifier appears in LNAERROR (C0716, entity type invalid) | [OK] the producer beneath the failed firm is itself rejected (F0113, no functional manager found) - confirmed live: this app rejects such a producer directly in LNAERROR, not via ADBSKIP | [OK] the valid bundle's producer is committed to the load output
A26: TC-BR-020 | B26: BR-020 | C26: Organisation Creation | D26: P3 - Medium | E26: PASS | F26: Yes | G26: [OK] exactly one organization row for the BD org code | [OK] LLE linked to that org via BD_TO_LLE node_relationship
A27: TC-BR-022 | B27: BR-022 | C27: Activity Extraction | D27: P3 - Medium | E27: PASS | F27: Yes | G27: [OK] ALLSTATE-purpose activity reached the master (crd_number updated) | [OK] activity stamped with a non-ALLSTATE purpose_code ('OTHERPART') still reaches the master and updates crd_number - it is NOT filtered out the way this rule describes
A28: TC-BR-023 | B28: BR-023 | C28: Activity Extraction | D28: P3 - Medium | E28: PASS | F28: Yes | G28: [OK] activity posted interleaved by real timestamp (A, B, A, B) is nonetheless returned by the rule's own prescribed query (ordered by contract code, subject, activity_ts) with each contract's rows contiguous, never spread across the result
A29: TC-BR-024 | B29: BR-024 | C29: Activity Extraction | D29: P3 - Medium | E29: PASS | F29: Yes | G29: [OK] 5-char code routes to organization_record | [OK] 6-char code routes to contract_record
A30: TC-BR-026 | B30: BR-026 | C30: Old and New Comparison | D30: P3 - Medium | E30: PASS | F30: Yes | G30: [OK] Confirmed by extension: this is a general/meta rule whose own text names concrete examples (BR-389/ORG_STATUS, BR-404/NAME, BR-417/BIRTH_DATE) that are now live-automated and passing via the standalone-update technique (TC-BR-389, TC-BR-404, TC-BR-417). No separate automation surface exists beyond those concrete field-comparison cases.
A31: TC-BR-027 | B31: BR-027 | C31: Old and New Comparison | D31: P3 - Medium | E31: PASS | F31: Yes | G31: [OK] new contract_record row appears, fully populated (no prior comparison)
A32: TC-BR-028 | B32: BR-028 | C32: Old and New Comparison | D32: P3 - Medium | E32: PASS | F32: Yes | G32: [OK] Confirmed by extension: this is a general/meta rule whose own text names concrete examples (BR-389/ORG_STATUS, BR-404/NAME, BR-417/BIRTH_DATE) that are now live-automated and passing via the standalone-update technique (TC-BR-389, TC-BR-404, TC-BR-417). No separate automation surface exists beyond those concrete field-comparison cases.
A33: TC-BR-031 | B33: BR-031 | C33: Old and New Comparison | D33: P3 - Medium | E33: PASS | F33: Yes | G33: [OK] day2 (feed date 2026-09-09) and day3 (feed date 2026-09-10) standalone rebuilds both complete (no B0700) | [OK] each cycle (day1 creation, day2 rebuild, day3 rebuild) writes its own activity_log_entry row stamped with THAT cycle's own processing date, not the other cycles' dates and not the real wall-clock date this test actually ran on
A34: TC-BR-034 | B34: BR-034 | C34: Contradiction - Batch | D34: P2 - High | E34: PASS | F34: Yes | G34: [OK] record A updated exactly once (its own new crd_number) | [OK] record B updated exactly once (its own new crd_number)
A35: TC-BR-041 | B35: BR-041 | C35: Appointment and Relationship | D35: P3 - Medium | E35: PASS | F35: Yes | G35: [OK] org-level activity recorded for the BD-presented firm
A36: TC-BR-043 | B36: BR-043 | C36: Shared Services | D36: P3 - Medium | E36: PASS | F36: Yes | G36: [OK] cycle with a calendar-impossible date-of-birth (20260231) completes without crashing the run | [OK] the impossible date is not silently stored as a valid date - either rejected (no person row / no birth_date) or caught and logged, never accepted as 2026-02-31 | [OK] a validation signal (error/reject/invalid) appears in the run log for this impossible date, confirming the shared validator catches it rather than a program silently parsing it on its own
A37: TC-BR-050 | B37: BR-050 | C37: History and Change Control | D37: P3 - Medium | E37: PASS | F37: Yes | G37: [OK] all 4 cycles completed | [OK] day1: a brand-new record with a blank home address gets NO HOME row (only the BUSINESS row from the D02 block) - confirmed correct by dev, not "inserted blank" | [OK] day2: a person-only field change (middle name) updates the person and writes NO contract_history/node_relationship_history row - these tables are each scoped to their own specific fields, never "written together" for an arbitrary change | [OK] day2 also inserts the previously-missing HOME row for the first time (the "BR-140 update path") even though its content is still blank | [OK] day3: a resident-state change (a field contract_history IS scoped to) writes a new contract_history row | [OK] day4: a relationship-status change (a field node_relationship_history IS scoped to) writes a new node_relationship_history row | H37: DEF-RDMS-BRV4-016 - Not a defect; Closed - confirmed via corrected TC
A38: TC-BR-051 | B38: BR-051 | C38: History and Change Control | D38: P3 - Medium | E38: PASS | F38: Yes | G38: [OK] pru_adb.contract.updt_ts stays unset and no new activity row is written for a byte-identical resubmission | H38: DEF-RDMS-BRV4-011 - Valid defect; Fixed - PASS for TC-BR-051/318; TC-BR-319 to re-target
A39: TC-BR-052 | B39: BR-052 | C39: History and Change Control | D39: P3 - Medium | E39: PASS | F39: Yes | G39: [OK] each party gets exactly one new contract_history snapshot for its own contract-level change | [OK] each snapshot carries its own contract's entity_type (firm BROKER_DEALER, producer INVESTMENT_PROFESSIONAL) | [OK] the firm snapshot records the firm's change (residentState -> NY) and the producer snapshot the producer's (residentState -> CA) - neither picks up the other's values
A40: TC-BR-053 | B40: BR-053 | C40: Address Maintenance | D40: P3 - Medium | E40: PASS | F40: Yes | G40: [OK] only the BUSINESS address row is stamped as changed - the MAILING row is untouched
A41: TC-BR-054 | B41: BR-054 | C41: Address Maintenance | D41: P3 - Medium | E41: PASS | F41: Yes | G41: [OK] the HOME address row's key (address.ssn_or_contract_number) follows the producer to the new SSN, rather than being orphaned under the old one
A42: TC-BR-055 | B42: BR-055 | C42: History and Change Control | D42: P3 - Medium | E42: PASS | F42: Yes | G42: [OK] firm: node_relationship_history gains one row holding the PREVIOUS status, and node_relationship then carries the new one | [OK] producer: node_relationship_history gains one row holding the PREVIOUS status (A), and node_relationship then carries T | [OK] secondary: both changes also reach the master in the same cycle - firm org_status (adsi_master.organization_record) moves and the producer's relationship is T - one entity's transition does not block the other's
A43: TC-BR-056 | B43: BR-056 | C43: Organisation Creation | D43: P3 - Medium | E43: PASS | F43: Yes | G43: [OK] exactly one organization row for this BD org code both before and after the name change - no duplicate row created
A44: TC-BR-069 | B44: BR-069 | C44: Appointment and Relationship | D44: P3 - Medium | E44: PASS | F44: Yes | G44: [OK] the producer's own record updates: pru_adb.person carries the new middle name and its updt_ts is stamped | [OK] the appointment is untouched: pru_adb.contract.updt_ts unchanged | [OK] the appointment is untouched: node_relationship updt_ts unchanged
A45: TC-BR-070 | B45: BR-070 | C45: Firm Entity Validation | D45: P3 - Medium | E45: PASS | F45: Yes | G45: [OK] the firm's own record updates: pru_adb.firm carries the new abbreviated name and its updt_ts is stamped | [OK] the appointment is untouched: pru_adb.contract.updt_ts unchanged | [OK] the appointment is untouched: node_relationship updt_ts unchanged
A46: TC-BR-072 | B46: BR-072 | C46: Master Record Service | D46: P3 - Medium | E46: PASS | F46: Yes | G46: [OK] exactly one ADSIMSTR extract file exists for the day - no partial or duplicate copy
A47: TC-BR-074 | B47: BR-074 | C47: Master Record Service | D47: P3 - Medium | E47: PASS | F47: Yes | G47: [OK] the second, brand-new record (built right after one with real designations) has no leftover designations from the previous subject
A48: TC-BR-078 | B48: BR-078 | C48: Master Record Service | D48: P3 - Medium | E48: PASS | F48: Yes | G48: [OK] organization_record exists with office_code and detach_office_code both populated as distinct slices of the key
A49: TC-BR-081 | B49: BR-081 | C49: Contradiction - Batch | D49: P2 - High | E49: PASS | F49: Yes | G49: [OK] this firm's organization_record row exists in adsi_master at all after day1's real upload (previously found missing due to the same since-fixed poison-row issue, DEF-RDMS-BRV4-013, that TC-BR-482 also hit) | [OK] the organisation record is still produced for an unrecognised relationship status - not rejected | [OK] the unrecognised status leaves org_status blank rather than defaulting to a guessed value | H49: DEF-RDMS-BRV4-013 - Not a defect (test data); Closed - retracted by QA
A50: TC-BR-082 | B50: BR-082 | C50: Master Record Service | D50: P3 - Medium | E50: PASS | F50: Yes | G50: [OK] organization_record.org_create_date equals the relationship start date
A51: TC-BR-083 | B51: BR-083 | C51: Master Record Service | D51: P3 - Medium | E51: PASS | F51: Yes | G51: [OK] the fed date of birth (1980-01-15) reaches the master through the fixed year/month/day packed-decimal conversion, decoding back to the same calendar date
A52: TC-BR-086 | B52: BR-086 | C52: Master Record Service | D52: P3 - Medium | E52: PASS | F52: Yes | G52: [OK] two very different organisations carry identical fixed identity codes (buf_code, org_business_unit_code, aos_rmo, aos_region)
A53: TC-BR-087 | B53: BR-087 | C53: Contradiction - Batch | D53: P2 - High | E53: PASS | F53: Yes | G53: [OK] alternate_key_ssn_or_tin and alternate_key_last_name carry the same characters (legacy dual-use quirk, confirmed intentional per the source workbook)
A54: TC-BR-088 | B54: BR-088 | C54: Address Maintenance | D54: P3 - Medium | E54: PASS | F54: Yes | G54: [OK] unconditional fields (line1/city/state/zip) are carried whatever they contain - all four now show day2's new values | [OK] conditional fields (line2/phone/fax) are cleared to blank on a resend that sends them blank - confirmed by dev (via the actual COBOL source) to be legacy HR1 parity, not a defect; BR-088's wording is being reworded by the BA to match | H54: DEF-RDMS-BRV4-014 - Not a defect; Closed - QA retest PASS
A55: TC-BR-089 | B55: BR-089 | C55: Address Maintenance | D55: P3 - Medium | E55: PASS | F55: Yes | G55: [OK] the fax number was split into a separate dialling code and number, matching the submitted "5551234567" - never one joined string
A56: TC-BR-094 | B56: BR-094 | C56: Master Record Service | D56: P3 - Medium | E56: PASS | F56: Yes | G56: [OK] the firm contract record carries the firm tax id in the alternate key field | [OK] the person contract record carries the person SSN in the SAME field, one field with two meanings
A57: TC-BR-095 | B57: BR-095 | C57: Master Record Service | D57: P3 - Medium | E57: PASS | F57: Yes | G57: [OK] two independently-built contract numbers share the identical first character (a fixed marker, not derived from source data)
A58: TC-BR-096 | B58: BR-096 | C58: Master Record Service | D58: P3 - Medium | E58: PASS | F58: Yes | G58: [OK] the alternate key is assembled from distinct office/detach-office/RMO/region slices, each populated separately
A59: TC-BR-097 | B59: BR-097 | C59: Appointment and Relationship | D59: P3 - Medium | E59: PASS | F59: Yes | G59: [OK] the BD is linked to its organisation through ORG_TO_BD | [OK] the producer is linked to its BD through BD_LLE_TO_IP - a different, party-kind-specific relationship type
A60: TC-BR-098 | B60: BR-098 | C60: Appointment and Relationship | D60: P3 - Medium | E60: PASS | F60: Yes | G60: [OK] a producer whose immediate parent is an LLE resolves to the SAME top organisation as one directly under the BD (climbs past the LLE)
A61: TC-BR-104 | B61: BR-104 | C61: Address Maintenance | D61: P3 - Medium | E61: PASS | F61: Yes | G61: [OK] BD (entity kind B) - business address reaches the master (business_address_line1 = fed value) | [OK] IP (entity kind B) - business address reaches the master (business_address_line1 = fed value) | [OK] LLE (entity kind C, a legal entity) - looked up under a different address kind than BD/IP, so the same BUSINESS-tagged field does NOT reach business_address_line1 the same way
A62: TC-BR-106 | B62: BR-106 | C62: Address Maintenance | D62: P3 - Medium | E62: PASS | F62: Yes | G62: [OK] the master record's business_telephone_number matches the first (business) address phone
A63: TC-BR-107 | B63: BR-107 | C63: Master Record Service | D63: P3 - Medium | E63: PASS | F63: Yes | G63: [OK] for every BASICn kind, its own MASTER count agrees with its own OCCUR count | [OK] the sum of every kind's OCCUR count agrees with the record's overall ALL-TOT-NUM-OF-SECTIONS
A64: TC-BR-109 | B64: BR-109 | C64: Contradiction - Batch | D64: P2 - High | E64: PASS | F64: Yes | G64: [OK] the always-present, no-data BASIC2 section is counted exactly once, even though it carries no visible content | [OK] the overall section total includes that always-present section (not just the ones with visible data)
A65: TC-BR-110 | B65: BR-110 | C65: Master Record Service | D65: P3 - Medium | E65: PASS | F65: Yes | G65: [OK] the appointment record carries a classification section with agent type and resident state
A66: TC-BR-111 | B66: BR-111 | C66: Address Maintenance | D66: P3 - Medium | E66: PASS | F66: Yes | G66: [OK] the broker dealer carries at least one extra BASIC4 section compared to the individual producer, with no other input differing
... A77: TC-BR-139 | B77: BR-139 | C77: Address Maintenance | D77: P3 - Medium | E77: PASS | F77: Yes | G77: [OK] BD has a MAILING address row | [OK] IP has a BUSINESS address row | [OK] LLE has no second (MAILING/BUSINESS) address row
A78: TC-BR-140 | B78: BR-140 | C78: Address Maintenance | D78: P3 - Medium | E78: PASS | F78: Yes | G78: [OK] day2 (unrelated field change, blank HOME address unchanged) and day3 (another unchanged resend) both complete | [OK] day1: a brand-new record with a blank home address gets NO HOME row at all (only the BUSINESS row from D02) - confirmed correct by dev, not "inserted blank" | [OK] day2 inserts the previously-missing HOME row for the first time (the "BR-140 update path") even though its content is still blank, and it is NOT deleted despite the unrelated field change - per DEF-RDMS-BRV4-009's fix | [OK] the blank HOME row survives day3's resend too (still unchanged, still not deleted) | H78: DEF-RDMS-BRV4-003 - Not a defect; Closed - behaviour confirmed (dev repro) DEF-RDMS-BRV4-009 - Valid defect; Fixed - awaiting QA 3-day TC-BR-140 retest DEF-RDMS-BRV4-016 - Not a defect; Closed - confirmed via corrected TC
A79: TC-BR-144 | B79: BR-144 | C79: History and Change Control | D79: P3 - Medium | E79: PASS | F79: Yes | G79: [OK] contract A now resolves to the SAME person/subject_id as contract B - it merged onto B's existing person row rather than creating a new one | [OK] A's old person row is documented as either orphaned (still present, now unreferenced) or removed - not silently duplicated
A80: TC-BR-147 | B80: BR-147 | C80: Old and New Comparison | D80: P3 - Medium | E80: PASS | F80: Yes | G80: [OK] adsi_master.contract_record name columns for this node reflect the new middle name, leaving first/last unchanged
A81: TC-BR-148 | B81: BR-148 | C81: Master Update | D81: P3 - Medium | E81: PASS | F81: Yes | G81: [OK] after the run, adsi_master.contract_record is found under the NEW key and no longer under the old one - the SAME contract_number (primary key) is retained across the alternate-key change, not duplicated
A82: TC-BR-149 | B82: BR-149 | C82: Old and New Comparison | D82: P3 - Medium | E82: PASS | F82: Yes | G82: [OK] the brand-new contract (processed after one with designations) has an EMPTY designations array, not the previous item's data
A83: TC-BR-154 | B83: BR-154 | C83: Data Platform and Interfaces | D83: P3 - Medium | E83: PASS | F83: Yes | G83: [OK] adsi_master.contract_record is an ordinary table keyed on contract_number (not a separate/special store) | [OK] adsi_master.organization_record is an ordinary table keyed on contract_number (not a separate/special store) | [OK] the alternate key (alternate_key_ssn_or_tin) is a plain, non-unique index - a second means of access into the SAME table, not a separate store
A84: TC-BR-256 | B84: BR-256 | C84: Validation - Table Integrity | D84: P3 - Medium | E84: PASS | F84: Yes | G84: [OK] CNTLRPT: 'NUMBER OF BD CONTRACTS UPDATED IN ADB' = 1 and 'NUMBER OF BD CONTRACTS CREATED IN ADB' = 0 for the day2 run - the found row went down the update path | [OK] the SAME contract row is kept (node_id, pru_contract_number) and there is still exactly one contract row for this BD - no second row created | [OK] the update is applied to that row: resident_state = NY and updt_ts / updt_by_id move
A85: TC-BR-257 | B85: BR-257 | C85: Validation - Table Integrity | D85: P3 - Medium | E85: PASS | F85: Yes | G85: [OK] the new BD routes to the create path (BD contracts created counter moves) | [OK] the new BD lands in the load output
A86: TC-BR-260 | B86: BR-260 | C86: Validation - Table Integrity | D86: P3 - Medium | E86: PASS | F86: Yes | G86: [OK] one ORG_TO_BD row resolves this BD to its organization via the join
A87: TC-BR-261 | B87: BR-261 | C87: Validation - Table Integrity | D87: P3 - Medium | E87: PASS | F87: Yes | G87: [OK] the new organisation routes to the create path (organizations created counter moves) | [OK] the new organisation lands in the load output
A88: TC-BR-264 | B88: BR-264 | C88: Validation - Table Integrity | D88: P3 - Medium | E88: PASS | F88: Yes | G88: [OK] node row generated for the BD contract | [OK] one organization row saved for the single-bundle BD | [OK] ORG_TO_BD relationship links org (parent) to firm (child)
A89: TC-BR-268 | B89: BR-268 | C89: Validation - Organisation Consistency | D89: P3 - Medium | E89: PASS | F89: Yes | G89: [OK] organization.org_name is untouched - no update is issued for a firm name that is unchanged from what is already stored | [OK] no 'Organization <code> renamed to ...' log line appears for this org code - contrasting with TC-BR-269, which confirmed that exact log line DOES fire when the name genuinely changes - verifying this in the logs, not a downloadable report, matching the rule's own verification basis
A90: TC-BR-269 | B90: BR-269 | C90: Validation - Organisation Consistency | D90: P3 - Medium | E90: PASS | F90: Yes | G90: [OK] organization.org_name now equals the new firm name, while org_code/org_initials/org_subject_id stay UNCHANGED - a rename does not re-issue identifiers | [OK] activity_log_entry.transaction_code = 'ORO2OR' for this org code, exactly as this rule's own text specifies (and matching the same code TC-BR-305 independently found for a different org-level transition)
... A98: TC-BR-317 | B98: BR-317 | C98: Validation - Profile Change Detection | D98: P3 - Medium | E98: PASS | F98: Yes | G98: [OK] pru_adb.organization.org_name reflects the new firm name | [OK] a new activity_log_entry row is written for the org code once its name genuinely changes
A99: TC-BR-318 | B99: BR-318 | C99: Validation - Profile Change Detection | D99: P3 - Medium | E99: PASS | F99: Yes | G99: [OK] day1 baseline bundle committed | [OK] day2 byte-identical standalone resubmission completes without error, and - per DEF-RDMS-BRV4-011's fix - is now a true no-op: firm.updt_ts stays unstamped | [OK] day3 standalone update with one field genuinely changed completes and stamps firm.updt_ts | H99: DEF-RDMS-BRV4-011 - Valid defect; Fixed - PASS for TC-BR-051/318; TC-BR-319 to re-target
A100: TC-BR-319 | B100: BR-319 | C100: Validation - Profile Change Detection | D100: P3 - Medium | E100: PASS | F100: Yes | G100: [OK] contract_history gains a new row for the real change (day2), and DEF-RDMS-BRV4-011's fix means the byte-identical day3 resubmission is now a true no-op (no further row) | H100: DEF-RDMS-BRV4-011 - Valid defect; Fixed - PASS for TC-BR-051/318; TC-BR-319 to re-target DEF-RDMS-BRV4-016 - Not a defect; Closed - confirmed via corrected TC
A101: TC-BR-320 | B101: BR-320 | C101: Validation - Profile Change Detection | D101: P3 - Medium | E101: PASS | F101: Yes | G101: [OK] pru_adb.person.updt_ts is stamped once the personal field genuinely changes
A102: TC-BR-321 | B102: BR-321 | C102: Validation - Profile Change Detection | D102: P3 - Medium | E102: PASS | F102: Yes | G102: [OK] person.birth_date is populated with the 0001-01-01 placeholder (per DEF-RDMS-BRV4-004's fix), not left null/empty, for a new record with blank DOB | H102: DEF-RDMS-BRV4-004 - Valid defect; Fixed - QA retest PASS (deployed)
A103: TC-BR-322 | B103: BR-322 | C103: Validation - Profile Change Detection | D103: P3 - Medium | E103: PASS | F103: Yes | G103: [OK] blanking the date of birth on an EXISTING producer via a standalone update stores the 0001-01-01 placeholder (per DEF-RDMS-BRV4-012's fix), rather than clearing it to NULL or leaving the prior real date in place | H103: DEF-RDMS-BRV4-012 - Valid defect (duplicate); Fixed - QA retest PASS (deployed)
A104: TC-BR-324 | B104: BR-324 | C104: Validation - Address Maintenance | D104: P3 - Medium | E104: PASS | F104: Yes | G104: [OK] pru_adb.address.updt_ts (HOME row) is stamped once the address genuinely changes
A105: TC-BR-325 | B105: BR-325 | C105: Validation - Address Maintenance | D105: P3 - Medium | E105: PASS | F105: Yes | G105: [OK] pru_adb.address.updt_ts (BUSINESS row) is stamped once the address genuinely changes
A106: TC-BR-327 | B106: BR-327 | C106: Validation - Address Maintenance | D106: P3 - Medium | E106: PASS | F106: Yes | G106: [OK] email-only changes are excluded from org-level activity, while a genuine street-address change is included
A107: TC-BR-328 | B107: BR-328 | C107: Validation - Activity Recording | D107: P3 - Medium | E107: PASS | F107: Yes | G107: [OK] no new org-level activity row for the email-only resubmission, exactly one new row for the subsequent genuine address-field change
A108: TC-BR-329 | B108: BR-329 | C108: Validation - Activity Recording | D108: P3 - Medium | E108: PASS | F108: Yes | G108: [OK] each genuine change (relationship-only, then address+relationship together) writes at least one new org-level activity row
A109: TC-BR-372 | B109: BR-372 | C109: Validation - Activity Extraction | D109: P3 - Medium | E109: PASS | F109: Yes | G109: [OK] final master value reflects the update exactly once (not corrupted by 3 activity rows)
A110: TC-BR-373 | B110: BR-373 | C110: Validation - Activity Extraction | D110: P3 - Medium | E110: PASS | F110: Yes | G110: [OK] org-code activity updated organization_record | [OK] contract-code activity updated contract_record
A111: TC-BR-376 | B111: BR-376 | C111: Validation - Activity Extraction | D111: P3 - Medium | E111: PASS | F111: Yes | G111: [OK] day1 bundle committed: one person (shared SSN) holds two real contracts | [OK] contract B's master row exists and was marked before day2 | [OK] day2 trigger cycle (activity posted for contract A only) completes, and its HR2 finished | [OK] contract A's allstate_id still maps to exactly one contract (no duplicate appointment) | [OK] positive control: HR2 processed contract A's posted activity row (processed_ts stamped) | [OK] contract B (no activity of its own) is NOT pulled in and rebuilt when the processed contract is BROKER_DEALER
A112: TC-BR-388 | B112: BR-388 | C112: Validation - Comparison Fields | D112: P3 - Medium | E112: PASS | F112: Yes | G112: [OK] the seeded, deliberately-wrong prior value stuck before the rebuild | [OK] the newly-built org_type_code overwrites the seeded value back to the constant this app always produces | [OK] the comparison correctly detects the old vs new difference and writes an activity record for this subject, exactly as this rule describes
A113: TC-BR-389 | B113: BR-389 | C113: Validation - Comparison Fields | D113: P3 - Medium | E113: PASS | F113: Yes | G113: [OK] adsi_master.organization_record.org_status changed once the firm's own profile status moved to terminated
A114: TC-BR-390 | B114: BR-390 | C114: Validation - Comparison Fields | D114: P3 - Medium | E114: PASS | F114: Yes | G114: [OK] org_create_date never moves across any of these cycles (it is not a feed-sourced field), even while org_full_name updates on day3's genuine name change
A115: TC-BR-392 | B115: BR-392 | C115: Validation - Comparison Fields | D115: P3 - Medium | E115: PASS | F115: Yes | G115: [OK] adsi_master.organization_record.org_full_name reflects the new firm name
... A137: TC-BR-418 | B137: BR-418 | C137: Validation - Comparison Fields | D137: P3 - Medium | E137: PASS | F137: Yes | G137: [OK] adsi_master.contract_record.current_appointment_date reflects the new node_relationship.relationship_start_date
A138: TC-BR-419 | B138: BR-419 | C138: Validation - Comparison Fields | D138: P3 - Medium | E138: PASS | F138: Yes | G138: [OK] adsi_master.contract_record.crd_number is cut to 8 characters when the master record is built (per DEF-RDMS-BRV4-006's follow-up fix), not the full 10-digit CRD | [OK] day3 resending the SAME 10-digit CRD unchanged no longer produces a spurious "changed" signal - crd_number is stable and no new contract_history row is written | H138: DEF-RDMS-BRV4-006 - Working to spec (enhancement); Fixed - QA retest PASS (deployed)
...

Sheet FAIL
A1: TC ID | B1: Rule ID | C1: Topic | D1: Priority | E1: Verdict | F1: Automated? | G1: Explanation | H1: Related Bug(s) (bug log v10)
A2: TC-BR-436 | B2: BR-436 | C2: Validation - Comparison Fields | D2: P3 - Medium | E2: FAIL | F2: Yes | G2: [OK] day1 master record holds the mailing section (basic4 ALT_ADDRESS) | [NOT AS EXPECTED] adsi_master.contract_record.basic4_sections element count drops by one (e.g. 3 -> 2) and the ALT_ADDRESS section is gone | H2: DEF-RDMS-BRV4-017 - Needs investigation; Open - awaiting dev triage

Sheet BLOCKED
A1: TC ID | B1: Rule ID | C1: Topic | D1: Priority | E1: Verdict | F1: Automated? | G1: Explanation | H1: Dev Assessment (2026-09-28) | I1: Unblock Approach | J1: Suggested Status | K1: QA Notes (2026-09-29) | L1: Dev Re-check (2026-10-01) | M1: Final Recommendation | N1: Can It Be Tested? | O1: Who Can Test | P1: How | Q1: Proposed Verdict
A2: TC-BR-451 | B2: BR-451 | C2: Validation - Table Integrity | D2: P1 - Critical | E2: BLOCKED | F2: No | G2: Verification method relies on opening the ADSIMSTR mainframe-vs-Java comparator HTML file and/or a specific dated reference SQLDUMP. The source workbook itself documents this comparator as unreliable (cannot parse the real COBOL layout, produces mis-sliced records) - not a dependable basis for an automated PASS/FAIL result. Treat as a manual, secondary cross-check only, per the workbook's own guidance (ASM-03). | H2: The blocker is real: it needs server filesystem/process/infra access, an external reference corpus, or the comparator (documented as unreliable). This is not a product defect. | I2: Assign to dev/ops for a one-off manual check, and record the evidence and who ran it. For comparator-based rules, use SQLDUMP/ADSIMSTR field checks instead where possible. | J2: Stays blocked - environment / manual | K2: Re-investigated 2026-09-29. Confirmed doubly gated: (1) pru_adb.contract.entity_type carries a live CHECK constraint restricting it to exactly BROKER_DEALER/LICENSED_LIFE_ENTITY/HOUSE_ACCOUNT/INVESTMENT_PROFESSIONAL, and (2) BR-064's own upstream HR1 validation independently refuses (C0716) any entity type outside that same set before a contract is ever created. An entity type outside the four recognised kinds can never reach the master-build routine via any feed input - confirmed via both the DB constraint and the upstream validation rule. Would need a direct unit test bypassing HR1 entirely, not a live/DB technique. | L2: Agree it is unreachable live - doubly gated, exactly as QA found. Evidence that the gate holds: BundleProcessorImplTest#aFirmRecordWhoseEntityTypeIsUnrecognisedIsAlsoC0716 / #aFirmRecordCarryingEntityTypeIpIsRejectedAsC0716, plus the contract.entity_type CHECK constraint. In Java the entity type is an enum, so a fifth kind cannot exist in memory either; the 'no build, no error' branch has no Java counterpart to reach. | M2: Close - verified by dev test/code | N2: Yes (dev only) | O2: Dev - unit/integration test | P2: The feed validation (C0716) and the DB CHECK constraint block any fifth entity type; covered by BundleProcessorImplTest. | Q2: Verified by dev test
A3: TC-BR-006 | B3: BR-006 | C3: Restart and Recovery | D3: P3 - Medium | E3: BLOCKED | F3: No | G3: Requires access to the application server's own filesystem, process control, alternate trigger mechanisms (folder drop, HTTP endpoint, rescan cron), or infrastructure configuration (backup/PITR) - none of which this browser-driven Playwright framework can reach. Verify manually with the dev/ops team. | H3: The blocker is real: it needs server filesystem/process/infra access, an external reference corpus, or the comparator (documented as unreliable). This is not a product defect. | I3: Assign to dev/ops for a one-off manual check, and record the evidence and who ran it. For comparator-based rules, use SQLDUMP/ADSIMSTR field checks instead where possible. | J3: Stays blocked - environment / manual | K3: Re-checked 2026-09-29 against the BRD's full rule text (restart-from-position: reads a restart record for the exact byte/record position of the last-processed firm/person and resumes there). Genuinely requires killing a run mid-file and inspecting/forcing the restart record's own state, which needs server process control this framework does not have. No live/DB alternative identified. | L3: Restart-from-checkpoint is covered by tests: AllstateFeedIngestionServiceTest#aRestartRunSkipsBundlesAtOrBeforeTheCheckpointedPosition and #aRestartRunWithNoExistingCheckpointProcessesEveryBundle, and BundleProcessorTransactionIT#aCommittedBundleWithARestartContextWritesACheckpointRow and #aRolledBackBundleWithARestartContextWritesNoCheckpointRow. Killing a live run mid-file remains an optional ops drill. | M3: Close - verified by dev test/code | N3: Yes (dev); optional ops drill | O3: Dev - unit/integration test | P3: Covered by the restart/checkpoint tests. Optional live evidence: ops deliberately stops a run mid-file and restarts it. | Q3: Verified by dev test
A4: TC-BR-030 | B4: BR-030 | C4: Old and New Comparison | D4: P3 - Medium | E4: BLOCKED | F4: No | G4: This rule's own text states its condition cannot be independently verified or reproduced through the modernised application: "Where: nowhere persisted. These prior values - prior key, prior subject id, prior RMO, prior region, prior org type code, prior org full name - are pulled from the old master record at the moment of comparison, attached alongside the new values on that same run's activity record, and used right there to work out what changed - then discarded once that step finishes". Verify manually per the rule's own guidance. | H4: Genuinely not observable through the UI/DB/feed framework; the rule describes in-memory or code-level behaviour. QA's reason is correct. It can be closed on developer evidence rather than left BLOCKED: the full unit suite (958 tests) and integration suite (203 tests) were run green on 2026-09-28. | I4: Ask dev to cite the specific test (class#method) or code line for each rule. Record the verdict as 'Verified (unit test)' with that reference instead of BLOCKED. | J4: Dev-verified - unit test / code review | K4: Re-investigated 2026-09-29. The rule's own BRD text implies the prior key/subject id/RMO/region/org type/name are persisted on the activity record alongside the new values - but a direct query of every column in pru_adb and adsi_master (information_schema.columns) confirms there is NO prior_* column anywhere in this modernised schema. pru_adb.activity_log_entry carries only the new-side transaction_code/subject_id/timestamp, nothing framed as "prior". Confirmed genuinely not observable by direct schema inspection, not just by re-reading the rule text - no live/DB alternative exists. | L4: Agree - there is no prior_* column. In Java the prior key/subject id/RMO/region/org type/org name are fields of the in-memory HrActivityRecord built by AdsiChangeDetectionService.compareOne (priorPrimaryKey, priorSubjectId, priorAosRmo, ...) and discarded after the run - which is what the rule says. Covered by AdsiMasterUpdateServiceTest#addsWhenPriorKeyIsBlank / #updatesWhenPriorKeyMatchesCurrentRecordKey / #keyChangeToAMissingPriorContractNumberThrowsMasterRecordNotFoundException. | M4: Close - verified by dev test/code | N4: Yes (dev only) | O4: Dev - unit/integration test | P4: The prior values live only in memory on HrActivityRecord; the AdsiMasterUpdateService prior-key tests cover them. | Q4: Verified by dev test
A5: TC-BR-068 | B5: BR-068 | C5: Old and New Comparison | D5: P3 - Medium | E5: BLOCKED | F5: No | G5: Requires access to the application server's own filesystem, process control, alternate trigger mechanisms (folder drop, HTTP endpoint, rescan cron), or infrastructure configuration (backup/PITR) - none of which this browser-driven Playwright framework can reach. Verify manually with the dev/ops team. | H5: The blocker is real: it needs server filesystem/process/infra access, an external reference corpus, or the comparator (documented as unreliable). This is not a product defect. | I5: Assign to dev/ops for a one-off manual check, and record the evidence and who ran it. For comparator-based rules, use SQLDUMP/ADSIMSTR field checks instead where possible. | J5: Stays blocked - environment / manual | K5: Re-checked 2026-09-29 against the BRD's full rule text (the comparison and the master update share no state except a single activity file - an internal COBOL-program-boundary claim). This is an architectural/internal-interface fact, not independently checkable by feeding data and observing DB state. No live/DB alternative identified. | L5: Architectural statement. In Java, detectChanges hands its List<HrActivityRecord> straight to AdsiMasterUpdateService.applyActivity (HrMasterSyncRunner.run), and the prior state is read from adsi_master - no other shared state. Covered by HrMasterSyncRunnerTest#passesTheStoresActualLastUpdatedDateAsThePriorMasterDateNotYesterday. | M5: Close - not applicable (no observable behaviour) | N5: No | O5: Nothing to test | P5: Architecture statement (handoff between stages); no behaviour to observe. | Q5: Not Applicable
A6: TC-BR-076 | B6: BR-076 | C6: Contradiction - Batch | D6: P2 - High | E6: BLOCKED | F6: No | G6: Verification method relies on opening the ADSIMSTR mainframe-vs-Java comparator HTML file and/or a specific dated reference SQLDUMP. The source workbook itself documents this comparator as unreliable (cannot parse the real COBOL layout, produces mis-sliced records) - not a dependable basis for an automated PASS/FAIL result. Treat as a manual, secondary cross-check only, per the workbook's own guidance (ASM-03). | H6: The blocker is real: it needs server filesystem/process/infra access, an external reference corpus, or the comparator (documented as unreliable). This is not a product defect. | I6: Assign to dev/ops for a one-off manual check, and record the evidence and who ran it. For comparator-based rules, use SQLDUMP/ADSIMSTR field checks instead where possible. | J6: Stays blocked - environment / manual | K6: Re-investigated 2026-09-29. Confirmed via the BRD's own COBOL excerpt (2000-PROCESS-PARA) that PROCESS-ID is an internal parameter passed to the master-build service by its OWN CALLER (another internal batch step) - there is no feed field or externally reachable input that selects it. Every path this framework can drive (feed upload, standalone update) always supplies a valid organisation-or-contract marker. Genuinely unreachable via any external input - would need a direct internal service-method invocation (e.g. a dev-side unit test calling the build routine with a bogus PROCESS-ID) rather than anything this Playwright/DB framework can drive. | L6: Agree - PROCESS-ID is internal. Java replaces it with the NodeType enum, so an 'unrecognised marker' cannot be represented. An invalid node type is rejected as D002 instead: AdsiChangeDetectionServiceTest#writesD002ForAnInvalidNodeType. | M6: Close - verified by dev test/code | N6: Yes (dev only) | O6: Dev - unit/integration test | P6: An unrecognised process marker cannot be represented (NodeType enum); the D002 test covers invalid node types. | Q6: Verified by dev test
A7: TC-BR-085 | B7: BR-085 | C7: Address Maintenance | D7: P3 - Medium | E7: BLOCKED | F7: No | G7: Verification method relies on opening the ADSIMSTR mainframe-vs-Java comparator HTML file and/or a specific dated reference SQLDUMP. The source workbook itself documents this comparator as unreliable (cannot parse the real COBOL layout, produces mis-sliced records) - not a dependable basis for an automated PASS/FAIL result. Treat as a manual, secondary cross-check only, per the workbook's own guidance (ASM-03). | H7: The blocker is real: it needs server filesystem/process/infra access, an external reference corpus, or the comparator (documented as unreliable). This is not a product defect. | I7: Assign to dev/ops for a one-off manual check, and record the evidence and who ran it. For comparator-based rules, use SQLDUMP/ADSIMSTR field checks instead where possible. | J7: Stays blocked - environment / manual | K7: Re-investigated 2026-09-29. The rule describes a legacy cursor-fetches-first ambiguity when an organisation holds more than one raw address row of the same kind. Direct schema inspection shows pru_adb.address has PRIMARY KEY (ssn_or_contract_number, address_type, purpose_code) - this app cannot hold two rows of the same address kind for one contract; a second incoming address of the same kind always updates the existing row in place (confirmed live via TC-BR-088, now PASS/FAIL on its own separate finding) rather than creating the ambiguous duplicate the rule is about. The scenario is structurally unconstructable in this schema - not just untested, provably impossible to trigger via any feed input. | L7: Agree - provably unconstructable: pru_adb.address PK (ssn_or_contract_number, address_type, purpose_code) permits only one row of a kind, so the 'first row from the cursor' ambiguity cannot arise. | M7: Close - not applicable (no observable behaviour) | N7: No | O7: Nothing to test | P7: Impossible with this schema: the address primary key allows one row per kind. | Q7: Not Applicable
A8: TC-BR-118 | B8: BR-118 | C8: Master Record Service | D8: P3 - Medium | E8: BLOCKED | F8: No | G8: This rule's own text states its condition cannot be independently verified or reproduced through the modernised application: "1. NO DIRECT COUNTERPART: the modernised app manages its own database connections, so no cursor is left open between subjects". Verify manually per the rule's own guidance. | H8: Genuinely not observable through the UI/DB/feed framework; the rule describes in-memory or code-level behaviour. QA's reason is correct. It can be closed on developer evidence rather than left BLOCKED: the full unit suite (958 tests) and integration suite (203 tests) were run green on 2026-09-28. | I8: Ask dev to cite the specific test (class#method) or code line for each rule. Record the verdict as 'Verified (unit test)' with that reference instead of BLOCKED. | J8: Dev-verified - unit test / code review | K8: Re-checked 2026-09-29 against the BRD's full rule text: describes COBOL cursor open/close flags with no counterpart in the modernised app, which manages its own connection pooling. The rule's own text says so explicitly ("NO DIRECT COUNTERPART") - confirmed there is nothing in this architecture to observe. | L8: Agree - the rule itself says there is no direct counterpart (Spring/JDBC manages connections). | M8: Close - not applicable (no observable behaviour) | N8: No | O8: Nothing to test | P8: COBOL cursor handling; no Java equivalent. | Q8: Not Applicable
A9: TC-BR-119 | B9: BR-119 | C9: Run Orchestration and Triggering | D9: P3 - Medium | E9: BLOCKED | F9: No | G9: Requires access to the application server's own filesystem, process control, alternate trigger mechanisms (folder drop, HTTP endpoint, rescan cron), or infrastructure configuration (backup/PITR) - none of which this browser-driven Playwright framework can reach. Verify manually with the dev/ops team. | H9: The blocker is real: it needs server filesystem/process/infra access, an external reference corpus, or the comparator (documented as unreliable). This is not a product defect. | I9: Assign to dev/ops for a one-off manual check, and record the evidence and who ran it. For comparator-based rules, use SQLDUMP/ADSIMSTR field checks instead where possible. | J9: Stays blocked - environment / manual | K9: Re-checked 2026-09-29 against the BRD's full rule text: three trigger routes (folder watch, periodic re-scan, direct HTTP request) must all reach the same processing. Confirming the folder-watch and re-scan paths needs server filesystem access this framework does not have; only the direct-request path is reachable via the UI. No live/DB alternative identified for the other two routes. | L9: All three routes are covered by tests: FolderWatchTriggerIT#aFileLandingInTheDirectoryTriggersACompletedRun (folder watch), LandingDirectoryScannerTest (periodic rescan), IngestionTriggerIT and HttpIngestionTriggerControllerTest (direct HTTP). All reach FeedIngestionLauncher.launch. | M9: Close - verified by dev test/code | N9: Partly QA; rest dev | O9: Dev - unit/integration test | P9: QA can already test the HTTP route through the UI. The folder-watch and rescan routes are covered by FolderWatchTriggerIT / LandingDirectoryScannerTest (they need server access to test live). | Q9: Verified by dev test
A10: TC-BR-120 | B10: BR-120 | C10: Data Platform and Interfaces | D10: P3 - Medium | E10: BLOCKED | F10: No | G10: Requires access to the application server's own filesystem, process control, alternate trigger mechanisms (folder drop, HTTP endpoint, rescan cron), or infrastructure configuration (backup/PITR) - none of which this browser-driven Playwright framework can reach. Verify manually with the dev/ops team. | H10: The blocker is real: it needs server filesystem/process/infra access, an external reference corpus, or the comparator (documented as unreliable). This is not a product defect. | I10: Assign to dev/ops for a one-off manual check, and record the evidence and who ran it. For comparator-based rules, use SQLDUMP/ADSIMSTR field checks instead where possible. | J10: Stays blocked - environment / manual | K10: Re-checked 2026-09-29 against the BRD's full rule text: the inbound file transfer is explicitly out of this process's own responsibility (an external FTP/ops-owned sync process). There is nothing for this application-level framework to test - confirmed as a genuine non-responsibility statement, not an omission. | L10: Agree - file transfer into the landing folder is outside the application (ops/FTP). | M10: Close - not applicable (no observable behaviour) | N10: No | O10: Nothing to test | P10: File transfer into the landing folder is outside the app (ops/FTP). | Q10: Not Applicable
A11: TC-BR-132 | B11: BR-132 | C11: Contradiction - Batch | D11: P2 - High | E11: BLOCKED | F11: No | G11: Trigger condition requires a pre-existing master-DB baseline state (see Isolation Requirement) that this framework cannot seed without direct database access - only a DB fixture, not a feed, can establish it here. Verify manually via: Observed directly against the modernised application (see Verification Basis) | H11: Genuinely not observable through the UI/DB/feed framework; the rule describes in-memory or code-level behaviour. QA's reason is correct. It can be closed on developer evidence rather than left BLOCKED: the full unit suite (958 tests) and integration suite (203 tests) were run green on 2026-09-28. | I11: Ask dev to cite the specific test (class#method) or code line for each rule. Record the verdict as 'Verified (unit test)' with that reference instead of BLOCKED. | J11: Dev-verified - unit test / code review | K11: Re-checked 2026-09-29 against the BRD's full rule text: one section (the trailer) is deliberately excluded from the old-vs-new comparison. The rule's OWN text states "no output of the process would reveal the omission" - this is definitionally unobservable by design, unlike the related hardcoded-field rules (BR-388 etc.) this session did unblock, where the output field itself was observable even though the trigger was hardcoded. No live/DB alternative exists here because the rule's premise is that changing this section produces zero externally visible effect. | L11: Agree it is unobservable by design. Code evidence: AdsiChangeDetectionService.compareContract has no BASIC2 comparison (BASIC2 is filler with no Java field); UTP27901 likewise excludes it. Dev can add a unit test pinning the omission if the BA wants explicit evidence. | M11: Close - verified by dev test/code | N11: Yes (dev only) | O11: Dev - unit/integration test | P11: Unobservable in output by design. Evidence is the code: compareContract has no BASIC2 comparison. Dev can add a pinning unit test if the BA wants one. | Q11: Verified by dev test
A12: TC-BR-150 | B12: BR-150 | C12: Configuration and Retention | D12: P3 - Medium | E12: BLOCKED | F12: No | G12: Requires access to the application server's own filesystem, process control, alternate trigger mechanisms (folder drop, HTTP endpoint, rescan cron), or infrastructure configuration (backup/PITR) - none of which this browser-driven Playwright framework can reach. Verify manually with the dev/ops team. | H12: The blocker is real: it needs server filesystem/process/infra access, an external reference corpus, or the comparator (documented as unreliable). This is not a product defect. | I12: Assign to dev/ops for a one-off manual check, and record the evidence and who ran it. For comparator-based rules, use SQLDUMP/ADSIMSTR field checks instead where possible. | J12: Stays blocked - environment / manual | K12: Re-checked 2026-09-29 against the BRD's full rule text: a configured ceiling (25 transaction codes per item) silently discards codes beyond it. Unlike most other "config value" rules, this ONE may actually be constructible live - feed 26+ genuinely distinct field changes for a single contract in one cycle and confirm only 25 activity rows are retained for it. Not attempted this round due to high construction complexity (reliably forcing 26 distinct detected changes on one contract) for uncertain payoff - flagging this as the one item in this bucket worth a second look if there's appetite for it. | L12: CONSTRUCTIBLE - and much simpler than 26 feed changes. Dev verified 2026-10-01 on PostgreSQL: 30 activity_log_entry rows seeded for one contract on the feed date -> HrActivityExtractService emitted ONE entry carrying exactly 25 transaction codes (the ingestion.max-transaction-codes-per-entity default, HrActivityExtractService:147). QA: use the existing DB-seed technique (activity_ts on the feed date, processed_ts NULL, real contract code), trigger HR2, and check the item carries 25 codes. The 'raise the setting' half is a config change (application.yml) that only dev/ops can make. | M12: Unblock - QA can test via DB seed | N12: Yes | O12: QA - can test now | P12: Seed ~30 activity_log_entry rows for one contract on the feed date (processed_ts NULL), trigger HR2, and check the item carries exactly 25 transaction codes. Already confirmed by dev on PostgreSQL. | Q12: To be tested by QA
... A22: TC-BR-480 | B22: BR-480 | C22: Validation - Master Action Routing | D22: P3 - Medium | E22: BLOCKED | F22: No | G22: Re-investigated 2026-09-29 across 4 distinct constructions, none of which reached the actual rule condition: (1) a standalone D01+D02 update with WS-SOC-SEC-NUM blanked - silently skipped, no delete, no error; (2) same but with WS-ALLSTATE-ID blanked instead - also silently skipped; (3) a direct activity_log_entry row with a blank pru_contract_or_org_code (the DB-seed technique used for TC-BR-022/024/034) - the blank code never matched anything and produced zero effect; (4) deleting the underlying pru_adb.contract/node entirely so the code has no live source - this deliberately-orphaned code hit a DIFFERENT, earlier rejection path instead: WARN "UTT_ALL_CNTR lookup failed for activity code <code> - dropping from today's extract, reporting D001 in the ERRFILE artifact" - a live, useful discovery (this is the exact D001/malformed mechanism TC-BR-129 could not construct), but not this rule's own condition. A BRD source-code excerpt (UTP28001, paragraph 3000-DET-ADSI-PROCESS-PARA) confirms "current key" and "prior key" are both fields on an internally-built ALL-ADSI-ACT-CNTR-RECORD activity structure, computed fresh each cycle from live pru_adb state - but the precise condition that makes the computed "current key" come back blank (without either being silently ignored or hitting the D001 UTT_ALL_CNTR path first) was not identified this pass. Needs dev source access or a direct dev conversation about ALL-ADSI-ACT-CNTR-RECORD/UTT_ALL_CNTR construction, not further guessing. | H22: Not a real blocker. B0700 is correct: a B (contra header) record for a BD already in ADB is always rejected, as in legacy. Updates are not sent that way. In the LNA feed an update arrives as STANDALONE records outside any bundle: C (firm), D01+D02 (producer), placed before the first B or after a Z. Java handles these through the 8000/8015/8020 standalone paths (AllstateFeedIngestionServiceImpl.runStandalone). This is the normal shape of an update file: the Day 2 mainframe corpus opens with ~60 standalone Cs followed by D01/D02 pairs, and CNTLRPT reports 44 IP contracts updated. The updates write MI00MI / RA00RA / TE00TE activity rows, and HR2 then does the old-vs-new comparison these rules describe. See docs/specs/hr1-br047-new-bd-bundle-dispatch-qa-guidance.md section 4 ('Shape A'). | I22: Day 1: create the BD/producer with a normal bundle. Day 2 (a later feed date): send ONLY standalone records with the changed field(s): a C record for a firm change, a D01+D02 pair for a producer change, or a D02 with status T + end date (or back to A) for a relationship change. Assert on HR1 (LOADFILE/CNTLRPT 'updated' counters, activity_log_entry transaction code) and HR2 (contract_record / organization_record in SQLDUMP, ADSIMSTR). Use docs/Pru-ADB-HR-JAVA-DESIGN/ALLSTATE_LNA_TEST_INPUT_DAY2.txt as the reference layout. | J22: Unblock - retest via standalone update feed | K22: [Updated 2026-09-29] Re-investigated across 4 distinct constructions (blank WS-SOC-SEC-NUM, blank WS-ALLSTATE-ID, a blank activity-log code, and deleting the underlying contract outright) - none reached the actual rule condition. The 4th attempt did surface a real, separate finding: deleting the source record causes a "UTT_ALL_CNTR lookup failed ... reporting D001" rejection in the ERRFILE artifact - useful context, but a different mechanism/file than this rule describes. A BRD source-code excerpt confirms "current key"/"prior key" are fields on an internally-built activity structure (ALL-ADSI-ACT-CNTR-RECORD, UTP28001 3000-DET-ADSI-PROCESS-PARA), computed fresh each cycle - but not precisely what makes it compute blank. Needs dev source access or a direct conversation, not further guessing. | L22: Dev answer to QA's question: NOTHING in the daily flow produces a blank current key - in legacy or in Java. Legacy: UTP28001 3000-DET-ADSI-PROCESS-PARA does delete by prior key when ALL-CNTR-PRIMARY-KEY = SPACES and stops the run (RC 12) if the read or delete fails. But UTP27901 fills that key from UTP27801's freshly built record (MOVE LK-CNTR-PRIMARY-KEY TO ALL-CNTR-PRIMARY-KEY, :1917/:2041), and a failed build is written as D003 instead (:2616-2619). Java: AdsiChangeDetectionService only emits an HrActivityRecord with a non-null built current record, and an unbuildable node is a D003 skip. So QA's 4 constructions could never reach it. The branch itself is covered by AdsiMasterUpdateServiceTest#deletesWhenCurrentRecordIsNull and #deletingAMissingContractNumberThrowsMasterRecordNotFoundException (the failure stops the run). QA's D001 finding (deleted contract -> 'UTT_ALL_CNTR lookup failed ... D001') is the correct, separate behaviour and can be used as evidence for TC-BR-129. | M22: Close - verified by dev test/code | N22: Yes (dev only) | O22: Dev - unit/integration test | P22: No blank current key is ever produced in the daily flow (legacy or Java). The delete branch is covered by AdsiMasterUpdateServiceTest#deletesWhenCurrentRecordIsNull / #deletingAMissingContractNumberThrows... | Q22: Verified by dev test

Sheet QA Testability 2026-10-02
A1: TC ID | B1: Rule ID | C1: Topic | D1: Priority | E1: Status (2026-10-02) | F1: QA Manual? | G1: QA Automation? | H1: Who Can Test | I1: Why QA cannot test it manually | J1: Why it cannot be automated | K1: What would unblock / close it | L1: Proposed Verdict
A2: TC-BR-150 | B2: BR-150 | C2: Configuration and Retention | D2: P3 - Medium | E2: Blocked - pending dev decision | F2: No | G2: No (yet) | H2: Dev - or QA after dev adds log line | I2: The 25-code cap only trims the in-memory extract entry (HrActivityExtractService:147). The trimmed result is written to no artifact, no INFO log line and not to processed_ts (stamped on every row in the HR2 window), so even a manual DB seed + HR2 run gives QA nothing to look at. | J2: Same reason - no observable output to assert on. The seed itself (30 activity rows, processed_ts NULL, trigger HR2) is already automatable with the existing insertActivity technique. | K2: Dev adds one INFO log line when the cap trims (proposed 2026-10-02), then QA automates it with the existing log capture. Otherwise close as dev-verified (proven by dev on PostgreSQL: 30 rows -> 25 codes). | L2: Pending dev decision
A3: TC-BR-119 | B3: BR-119 | C3: Run Orchestration and Triggering | D3: P3 - Medium | E3: Partly testable by QA | F3: Partial | G3: Partial | H3: QA (HTTP route) + Dev (folder watch / rescan) | I3: QA can trigger the HTTP route from the UI and see the run complete. The folder-watch and periodic re-scan routes need a file placed directly in the server landing folder - QA has no server filesystem access. | J3: HTTP route: already exercised by every automated run (could be a dedicated check). Folder-watch / re-scan: the browser framework cannot write to the server filesystem. | K3: Folder-watch and re-scan are covered by FolderWatchTriggerIT / LandingDirectoryScannerTest. | L3: Verified by dev test (QA can test the HTTP route)
A4: TC-BR-006 | B4: BR-006 | C4: Restart and Recovery | D4: P3 - Medium | E4: Blocked - dev test; optional ops drill | F4: Only with ops | G4: No | H4: Dev - unit/integration test; ops drill optional | I4: Requires killing a run mid-file and restarting it - needs server process control. QA could verify the resumed position in the DB only if ops stops/restarts the run for them. | J4: The framework cannot kill or restart the server process, so the mid-file interruption cannot be produced. | K4: Covered by AllstateFeedIngestionServiceTest restart tests + BundleProcessorTransactionIT checkpoint tests. Optional live evidence: ops stops a run mid-file and restarts it. | L4: Verified by dev test
A5: TC-BR-159 | B5: BR-159 | C5: Verification and Acceptance | D5: P3 - Medium | E5: Stays blocked - one-off manual check | F5: Only with ops | G5: No | H5: Ops - one-off manual check | I5: Needs the mainframe reference corpus (not available to QA) staged for two identical runs, plus a comparator that is documented as unreliable. | J5: External corpus not available to the framework, and the comparator cannot be trusted for an automated PASS/FAIL. | K5: Ops/business supplies the mainframe reference files; run the parallel-run check once and record the evidence. | L5: Needs one-off manual check
A6: TC-BR-155 | B6: BR-155 | C6: Data Platform and Interfaces | D6: P3 - Medium | E6: Blocked - owner confirmation | F6: No | G6: No | H6: Ops / licensing-system owner | I6: The claim is about a downstream consumer's interface agreement (the licensing system). It is a business confirmation, not app behaviour QA can observe; the activity extract itself is also not in the download-all ZIP. | J6: Nothing in the app's outputs proves another system's consumption contract. | K6: Licensing-system owner confirms they consume the extract. File side covered by ErrorArtifactExportServiceTest / HrActivityExtractServiceIT. | L6: Needs one-off manual check
A7: TC-BR-156 | B7: BR-156 | C7: Data Platform and Interfaces | D7: P3 - Medium | E7: Blocked - ops confirmation | F7: No | G7: No | H7: Ops - one-off manual check | I7: File transport (FTP/SFTP) is infrastructure outside the application; not visible from the UI or the database. | J7: Transport layer is not reachable from the browser/DB framework. | K7: Ops confirms the transport stays FTP/SFTP. Layouts covered by HrPipelineEndToEndIT and the copybook writer tests. | L7: Needs one-off manual check
A8: TC-BR-451 | B8: BR-451 | C8: Validation - Table Integrity | D8: P1 - Critical | E8: Dev only | F8: No | G8: No | H8: Dev - unit/integration test | I8: Unreachable live: the contract.entity_type CHECK constraint and HR1 validation (C0716) both reject a fifth entity type, and the Java enum cannot represent one. | J8: The condition cannot be produced by any feed upload or DB seed, so there is nothing for the Playwright/DB framework to drive or observe. | K8: Covered by BundleProcessorImplTest (C0716 tests). | L8: Verified by dev test
A9: TC-BR-030 | B9: BR-030 | C9: Old and New Comparison | D9: P3 - Medium | E9: Dev only | F9: No | G9: No | H9: Dev - unit/integration test | I9: The prior key/subject/RMO/region/org values exist only in memory (HrActivityRecord) and are discarded after the run - there is no prior_* column anywhere to inspect. | J9: The condition cannot be produced by any feed upload or DB seed, so there is nothing for the Playwright/DB framework to drive or observe. | K9: Covered by AdsiMasterUpdateServiceTest prior-key tests. | L9: Verified by dev test
A10: TC-BR-076 | B10: BR-076 | C10: Contradiction - Batch | D10: P2 - High | E10: Dev only | F10: No | G10: No | H10: Dev - unit/integration test | I10: PROCESS-ID is an internal parameter (NodeType enum in Java) - no feed field or UI input selects it, so an unrecognised marker cannot be sent. | J10: The condition cannot be produced by any feed upload or DB seed, so there is nothing for the Playwright/DB framework to drive or observe. | K10: Covered by AdsiChangeDetectionServiceTest#writesD002ForAnInvalidNodeType. | L10: Verified by dev test
A11: TC-BR-132 | B11: BR-132 | C11: Contradiction - Batch | D11: P2 - High | E11: Dev only | F11: No | G11: No | H11: Dev - unit/integration test | I11: Unobservable by design - the rule itself says no output reveals the omitted trailer comparison. | J11: No output changes, so there is nothing to assert on. | K11: Code evidence: compareContract has no BASIC2 comparison. Dev can add a pinning unit test if the BA wants one. | L11: Verified by dev test
A12: TC-BR-158 | B12: BR-158 | C12: Verification and Acceptance | D12: P3 - Medium | E12: Dev only | F12: No | G12: No | H12: Dev - unit/integration test | I12: Requires breaking the Java source on purpose and confirming the unit tests catch it - needs source/build access. | J12: Framework has no source/build access. | K12: Pinned by AdsiMasterUpdateServiceTest and FeedIngestionLauncherTest. | L12: Verified by dev test
... A22: TC-BR-160 | B22: BR-160 | C22: Verification and Acceptance | D22: P3 - Medium | E22: Not applicable | F22: No | G22: No | H22: Nothing to test | I22: Nothing to test - the rule describes no observable application behaviour. Deliberately deferred safeguards - nothing built yet. | J22: Nothing to automate - no input produces an observable outcome. | K22: Close. | L22: Not Applicable

Sheet Recheck Summary 2026-10-02
A1: Latest verdicts (2026-10-02) | B1: Count | C1: Notes
A2: PASS | B2: =COUNTIF('Summary (All 189)'!$E:$E,"PASS") | C2: Includes the 13 TCs that failed in the earlier report and pass on retest, plus TC-BR-117 (unblocked).
A3: FAIL | B3: =COUNTIF('Summary (All 189)'!$E:$E,"FAIL") | C3: TC-BR-436 only - DEF-RDMS-BRV4-017 (Needs investigation, open - awaiting dev triage).
A4: BLOCKED | B4: =COUNTIF('Summary (All 189)'!$E:$E,"BLOCKED") | C4: See the QA Testability 2026-10-02 sheet for why each cannot be tested by QA.
A5: Total | B5: =SUM(B2:B4)
A7: Who can test (2026-10-02) | B7: Count | C7: TCs
A8: Dev - or QA after dev adds log line | B8: =COUNTIF('QA Testability 2026-10-02'!$H:$H,A8) | C8: 150
A9: QA (HTTP route) + Dev (folder watch / rescan) | B9: =COUNTIF('QA Testability 2026-10-02'!$H:$H,A9) | C9: 119
A10: Dev - unit/integration test; ops drill optional | B10: =COUNTIF('QA Testability 2026-10-02'!$H:$H,A10) | C10: 006
A11: Ops - one-off manual check | B11: =COUNTIF('QA Testability 2026-10-02'!$H:$H,A11) | C11: 159, 156
A12: Ops / licensing-system owner | B12: =COUNTIF('QA Testability 2026-10-02'!$H:$H,A12) | C12: 155
A13: Dev - unit/integration test | B13: =COUNTIF('QA Testability 2026-10-02'!$H:$H,A13) | C13: 451, 030, 076, 132, 158, 480
A14: Nothing to test | B14: =COUNTIF('QA Testability 2026-10-02'!$H:$H,A14) | C14: 068, 085, 118, 120, 151, 152, 153, 157, 160
A15: Total | B15: =SUM(B8:B14)
A17: QA testability | B17: Count | C17: TCs
A18: QA Manual = Partial (HTTP route only) | B18: =COUNTIF('QA Testability 2026-10-02'!$F:$F,"Partial") | C18: 119
A19: QA Manual = Only with ops (ops performs the action) | B19: =COUNTIF('QA Testability 2026-10-02'!$F:$F,"Only with ops") | C19: 006, 159
A20: QA Manual = No | B20: =COUNTIF('QA Testability 2026-10-02'!$F:$F,"No") | C20: 150, 155, 156, dev-only (6), not applicable (9)
A21: Total | B21: =SUM(B18:B20)
A23: Changes on 2026-10-02 | C23: Detail
A24: Report aligned to latest verdicts + bug log v10 | C24: Summary / PASS / FAIL / BLOCKED rebuilt from artifacts/e2e-brv4/verdicts (167 PASS / 1 FAIL / 21 BLOCKED). New "Related Bug(s)" column cross-references bug-reports-brv4-code-triage-v10.xlsx.
A25: All 13 former FAILs now PASS | C25: TC-BR-016, 051, 088, 134, 140, 321, 322, 377, 429, 459, 464, 465, 478 - fixes for DEF-004/006/009/011/012 merged via PR #86 / #88; the rest closed as not-a-defect / corrected TCs. TC-BR-134 passes but DEF-002 still awaits the BA decision.
A26: TC-BR-436 FAIL -> DEF-RDMS-BRV4-017 | C26: Standalone BD update that blanks the whole mailing address is counted as a BD update but leaves the MAILING row, updt_ts and activity untouched; master keeps ALT_ADDRESS. HR1 fault; awaiting dev triage against UTP27201.
A27: TC-BR-117 unblocked -> PASS (removed from BLOCKED) | C27: Dev commit 080c502 added Export/errfile-detectchanges-<date>.csv to the download-all ZIP. Automated: orphan-contract seed -> D003 row with blank sqlCode, node absent from adsi_master. 5/5 checks PASS.
A28: TC-BR-129 extended (still PASS) | C28: Added the D001 outcome per dev: activity code with no UTT_ALL_CNTR row -> WARN "UTT_ALL_CNTR lookup failed ..." + D001 row in Export/errfile-<date>.csv, absent from errfile-detectchanges. 7/7 checks PASS.
A29: TC-BR-150 still blocked | C29: Dev confirmed the 25-code result is visible in neither a log line nor processed_ts. Waiting on dev: add an INFO log when the cap trims, or close as dev-verified.
A30: Remaining blocked | C30: 21 TCs. Only TC-BR-119 (HTTP route) is QA-testable today; TC-BR-006 and TC-BR-159 need ops to act; the rest are dev-verified, owner/ops confirmations, or not applicable.
